2024-11-24T09:07:55.195Z - [TIME START] Spawn
2024-11-24T09:07:55.198Z - Starting connection...
2024-11-24T09:07:55.206Z - [LOG] <11:7:55>: <DEBUG> setupClientProfile execution time: 0.06ms
2024-11-24T09:07:55.219Z - [LOG] <11:7:55>: <DEBUG> createOfflineSession execution time: 16.99ms
2024-11-24T09:07:55.221Z - [LOG] <11:7:55>: <DEBUG> initializeSession execution time: 20.07ms
2024-11-24T09:07:55.223Z - [LOG] <11:7:55>: <DEBUG> connect execution time: 22.15ms
2024-11-24T09:07:55.243Z - [LOG] <11:7:55>: <DEBUG> setupClientChains execution time: 15.56ms
2024-11-24T09:07:56.584Z - [LOG] <11:7:56>: <DEBUG> handleSessionStart execution time: 1.06ms
2024-11-24T09:07:57.229Z - [LOG] handle
2024-11-24T09:07:57.234Z - [LOG] <11:7:57>: <DEBUG> Sending Game PACKET --> 193 | 0xc1 2024-11-24T09:07:57.234Z
2024-11-24T09:07:57.237Z - [LOG] <11:7:57>: <DEBUG> sendPacket execution time: 3.39ms
2024-11-24T09:07:57.242Z - [TIME END] Spawn: 2048ms
2024-11-24T09:07:57.253Z - [LOG] {  type: 'MCPE',  message: 'PocketMine-MP Server',  protocol: 748,  version: '1.21.40',  playerCount: 0,  maxPlayers: 20,  serverGUID: 959315177832208500,  serverName: 'PocketMine-MP',  gamemode: 'Survival'}
2024-11-24T09:07:57.258Z - Connected successfully: {"type":"MCPE","message":"PocketMine-MP Server","protocol":748,"version":"1.21.40","playerCount":0,"maxPlayers":20,"serverGUID":959315177832208500,"serverName":"PocketMine-MP","gamemode":"Survival"}
2024-11-24T09:07:57.923Z - [LOG] Header  254
2024-11-24T09:07:57.974Z - [LOG] Payload:  Buffer(14) [Uint8Array] [  254, 12, 143, 1, 1, 0,    0,  0,   0, 0, 0, 0,    0,  0]
2024-11-24T09:07:58.005Z - [LOG] id  143
2024-11-24T09:07:58.040Z - [LOG] 143
2024-11-24T09:07:58.044Z - [LOG] <11:7:58>: <DEBUG> S -> C NetworkSettingsPacket
2024-11-24T09:07:58.098Z - [LOG] test
2024-11-24T09:07:58.126Z - [LOG] <11:7:58>: <DEBUG> Sending Game PACKET --> 1 | 0x01 2024-11-24T09:07:58.126Z
2024-11-24T09:07:58.264Z - [LOG] <11:7:58>: <DEBUG> sendPacket execution time: 138.74ms
2024-11-24T09:07:58.276Z - [LOG] <11:7:58>: <DEBUG> sendLoginPacket execution time: 177.91ms
2024-11-24T09:07:58.286Z - [LOG] <11:7:58>: <DEBUG> onNetworkSettings execution time: 242.05ms
2024-11-24T09:07:58.578Z - [LOG] Header  254
2024-11-24T09:07:58.590Z - [LOG] Payload:  Buffer(358) [Uint8Array] [  254,   0,  13, 207,  91,  82, 171,  48,   0,   0,  208, 143, 174,  71,  39, 188, 156, 246,  83,  10,  105,  65,  18,  36,  33,  73, 201, 143, 195, 163,    2,  33, 165, 220,  11, 182,  37,  59, 114, 198,   69, 234,  10, 206, 156, 159, 205, 230, 123, 115,  ... 308 more items]
2024-11-24T09:07:58.603Z - [LOG] id  3
2024-11-24T09:07:58.605Z - [LOG] 3
2024-11-24T09:07:58.610Z - [LOG] <11:7:58>: <DEBUG> validateKeys execution time: 0.23ms
2024-11-24T09:07:58.758Z - [LOG] <11:7:58>: <DEBUG> createSharedSecret execution time: 148.62ms
2024-11-24T09:07:58.775Z - [LOG] <11:7:58>: <DEBUG> setupEncryption execution time: 9.08ms
2024-11-24T09:07:58.778Z - [LOG] <11:7:58>: <DEBUG> Sending Game PACKET --> 4 | 0x04 2024-11-24T09:07:58.777Z
2024-11-24T09:07:58.792Z - [LOG] <11:7:58>: <DEBUG> sendPacket execution time: 14.91ms
2024-11-24T09:07:58.802Z - [LOG] <11:7:58>: <DEBUG> sendClientToServerHandshake execution time: 23.94ms
2024-11-24T09:07:58.824Z - [LOG] <11:7:58>: <DEBUG> onServerToClientHandshake execution time: 215.60ms
2024-11-24T09:07:58.912Z - [LOG] Header  254
2024-11-24T09:07:58.923Z - [LOG] Payload:  Buffer(23) [Uint8Array] [  254,  12, 221, 186, 156,  42,   32, 150,  99,  60, 204, 182,   16, 241, 116, 248, 187, 194,   20, 243,  55,  52, 236]
2024-11-24T09:07:58.926Z - [LOG] Receive Counter: 0
2024-11-24T09:07:58.932Z - [LOG] Packet Length: 14 Checksum Length: 8
2024-11-24T09:07:58.935Z - [LOG] <11:7:58>: <DEBUG> Checksum matched af72c5636e4a8dc5 == af72c5636e4a8dc5
2024-11-24T09:07:58.937Z - [LOG] id  2
2024-11-24T09:07:58.938Z - [LOG] 2
2024-11-24T09:07:58.941Z - [LOG] <11:7:58>: <DEBUG> onPlayStatus execution time: 0.16ms
2024-11-24T09:07:58.943Z - [LOG] id  6
2024-11-24T09:07:58.943Z - [LOG] 6
2024-11-24T09:07:58.945Z - [LOG] <11:7:58>: <DEBUG> Sending Game PACKET --> 8 | 0x08 2024-11-24T09:07:58.945Z
2024-11-24T09:07:58.948Z - [LOG] <11:7:58>: <DEBUG> sendPacket execution time: 3.51ms
2024-11-24T09:07:58.951Z - [LOG] <11:7:58>: <DEBUG> onResourcePack execution time: 6.17ms
2024-11-24T09:08:01.605Z - [LOG] Header  254
2024-11-24T09:08:02.027Z - [LOG] Payload:  Buffer(53358) [Uint8Array] [  254, 209, 178,  64, 142, 123, 223,  47,  12, 241,   94, 108, 219, 134, 124,  88, 125,  94, 210,  13,   43,   0, 193,  92, 168, 239,  83, 179,  19, 121,   47,  87, 224, 131, 137, 206, 113,  20,  22,  67,  197, 253,  44, 179,  88, 181, 182, 190,  84, 123,  ... 53308 more items]
2024-11-24T09:08:02.051Z - [LOG] Receive Counter: 1
2024-11-24T09:08:02.463Z - [LOG] Packet Length: 53349 Checksum Length: 8
2024-11-24T09:08:02.776Z - [LOG] <11:8:2>: <DEBUG> Checksum matched 285480b0edc8e819 == 285480b0edc8e819
2024-11-24T09:08:02.799Z - [LOG] id  11
2024-11-24T09:08:02.802Z - [LOG] 11
2024-11-24T09:08:02.865Z - [LOG] <11:8:2>: <DEBUG> Sending Game PACKET --> 69 | 0x45 2024-11-24T09:08:02.865Z
2024-11-24T09:08:02.872Z - [LOG] <11:8:2>: <DEBUG> sendPacket execution time: 7.27ms
2024-11-24T09:08:02.876Z - [LOG] <11:8:2>: <DEBUG> onStartGame execution time: 16.16ms
2024-11-24T09:08:02.887Z - [LOG] id  119
2024-11-24T09:08:02.901Z - [LOG] 119
2024-11-24T09:08:02.952Z - [LOG] id  122
2024-11-24T09:08:02.958Z - [LOG] 122
2024-11-24T09:08:02.982Z - [LOG] id  29
2024-11-24T09:08:02.987Z - [LOG] 29
2024-11-24T09:08:02.993Z - [LOG] id  76
2024-11-24T09:08:02.994Z - [LOG] 76
2024-11-24T09:08:03.015Z - [LOG] id  187
2024-11-24T09:08:03.022Z - [LOG] 187
2024-11-24T09:08:03.037Z - [LOG] id  188
2024-11-24T09:08:03.040Z - [LOG] 188
2024-11-24T09:08:03.051Z - [LOG] id  39
2024-11-24T09:08:03.060Z - [LOG] 39
2024-11-24T09:08:03.067Z - [LOG] id  49
2024-11-24T09:08:03.070Z - [LOG] 49
2024-11-24T09:08:03.074Z - [LOG] id  49
2024-11-24T09:08:03.077Z - [LOG] 49
2024-11-24T09:08:03.085Z - [LOG] id  49
2024-11-24T09:08:03.087Z - [LOG] 49
2024-11-24T09:08:03.102Z - [LOG] id  49
2024-11-24T09:08:03.103Z - [LOG] 49
2024-11-24T09:08:03.104Z - [LOG] id  49
2024-11-24T09:08:03.105Z - [LOG] 49
2024-11-24T09:08:03.108Z - [LOG] id  49
2024-11-24T09:08:03.109Z - [LOG] 49
2024-11-24T09:08:03.111Z - [LOG] id  50
2024-11-24T09:08:03.111Z - [LOG] 50
2024-11-24T09:08:03.113Z - [LOG] id  50
2024-11-24T09:08:03.117Z - [LOG] 50
2024-11-24T09:08:03.119Z - [LOG] id  50
2024-11-24T09:08:03.121Z - [LOG] 50
2024-11-24T09:08:03.124Z - [LOG] id  50
2024-11-24T09:08:03.125Z - [LOG] 50
2024-11-24T09:08:03.126Z - [LOG] id  50
2024-11-24T09:08:03.126Z - [LOG] 50
2024-11-24T09:08:03.127Z - [LOG] id  31
2024-11-24T09:08:03.128Z - [LOG] 31
2024-11-24T09:08:03.133Z - [LOG] id  145
2024-11-24T09:08:03.135Z - [LOG] 145
2024-11-24T09:08:03.199Z - [LOG] id  52
2024-11-24T09:08:03.205Z - [LOG] 52
2024-11-24T09:08:03.988Z - [LOG] id  63
2024-11-24T09:08:03.997Z - [LOG] 63
2024-11-24T09:08:04.007Z - [LOG] id  29
2024-11-24T09:08:04.016Z - [LOG] 29
2024-11-24T09:08:09.853Z - [LOG] Header  254
2024-11-24T09:08:09.864Z - [LOG] Payload:  Buffer(1840) [Uint8Array] [  254, 122, 110, 133,  73, 160, 203, 168,  96, 108,  191,  37,  74,  72,  62,  64, 102, 185, 133, 210,  215, 156,  27, 189, 231, 104,  34, 131, 230, 200,  182,  21, 238, 194, 192,  60, 157, 169, 182, 217,   94, 238,  75,  74, 245, 201, 174,   5,  32,  46,  ... 1790 more items]
2024-11-24T09:08:09.887Z - [LOG] Receive Counter: 2
2024-11-24T09:08:09.895Z - [LOG] Packet Length: 1831 Checksum Length: 8
2024-11-24T09:08:09.905Z - [LOG] <11:8:9>: <ERROR> Decryption error: Checksum mismatch e03360926dc741c2 != 954d627a3e6a6e9d
2024-11-24T09:08:09.978Z - [LOG] Header  254
2024-11-24T09:08:09.989Z - [LOG] Payload:  Buffer(1753) [Uint8Array] [  254, 220,  82, 137, 181, 154, 122,   8, 221,   9,   56, 244, 144,  49, 171,   8, 108,  61, 230, 220,  238,  60, 234, 103,   3, 190, 176, 135, 126,  39,  246,  99,  99, 150,  85,   4, 109,  96,  39, 194,   43, 176, 116,  80, 137, 108, 121,  38, 147, 219,  ... 1703 more items]
2024-11-24T09:08:10.020Z - [LOG] Receive Counter: 3
2024-11-24T09:08:10.023Z - [LOG] Packet Length: 1744 Checksum Length: 8
2024-11-24T09:08:10.026Z - [LOG] <11:8:10>: <ERROR> Decryption error: Checksum mismatch f67c9d2b743c8553 != d319ae5d3b7f7d54
2024-11-24T09:08:10.105Z - [LOG] Header  254
2024-11-24T09:08:10.116Z - [LOG] Payload:  Buffer(2012) [Uint8Array] [  254, 109,  24, 201,   2,  50,  53,  98, 149, 166,   43,  10, 254, 166,  77,   8, 238, 101,  29,  53,    6,  28,  48,  45, 109, 255, 120, 108, 194, 166,   57, 191, 159, 126, 111,  59,  52, 114, 209,  45,   72, 229, 150, 246, 159,   0, 136, 203, 206, 105,  ... 1962 more items]
2024-11-24T09:08:10.127Z - [LOG] Receive Counter: 4
2024-11-24T09:08:10.132Z - [LOG] Packet Length: 2003 Checksum Length: 8
2024-11-24T09:08:10.140Z - [LOG] <11:8:10>: <ERROR> Decryption error: Checksum mismatch fd754357beb1fd7f != deec86471d671e2f
2024-11-24T09:08:10.236Z - [LOG] Header  254
2024-11-24T09:08:10.259Z - [LOG] Payload:  Buffer(2129) [Uint8Array] [  254, 205, 120,  18, 145, 255, 160,  61,  58, 125,  199,  59,  88, 128, 148, 191,  62, 163, 197,   8,  143, 246,  79,  37, 137,  87,  88,  71, 103, 209,  159, 135, 103, 232, 147,  71,  83,  29, 190,  88,   70, 206, 213,  42, 149,  24, 174, 144,  21,  39,  ... 2079 more items]
2024-11-24T09:08:10.275Z - [LOG] Receive Counter: 5
2024-11-24T09:08:10.289Z - [LOG] Packet Length: 2120 Checksum Length: 8
2024-11-24T09:08:10.294Z - [LOG] <11:8:10>: <ERROR> Decryption error: Checksum mismatch 00b03f42962f8092 != b9fe5699d05fb0d0
2024-11-24T09:08:10.361Z - [LOG] Header  254
2024-11-24T09:08:10.374Z - [LOG] Payload:  Buffer(1750) [Uint8Array] [  254, 101, 144,  10, 232,  60, 208, 211, 155, 231,  209, 244, 177, 131, 172, 172, 137,  64, 133,   2,   72,  91,  95, 163, 104, 217,  48, 205, 225,  10,  223,  31,  24, 207,  99, 159, 121,  47, 211,  82,   68, 234, 123, 114, 180, 219,  87,   8, 140,  36,  ... 1700 more items]
2024-11-24T09:08:10.394Z - [LOG] Receive Counter: 6
2024-11-24T09:08:10.404Z - [LOG] Packet Length: 1741 Checksum Length: 8
2024-11-24T09:08:10.407Z - [LOG] <11:8:10>: <ERROR> Decryption error: Checksum mismatch 879004c4fcfb0437 != a836c14b5c8561b7
2024-11-24T09:08:22.100Z - [LOG] Header  254
2024-11-24T09:08:22.218Z - [LOG] Payload:  Buffer(1541) [Uint8Array] [  254, 238, 24, 125, 235, 183,  54,  98, 123,  56,  174,  21, 50,  55, 112, 243,  14, 102,  25, 157,  176, 205, 39, 118,  42,  65,  28,  62,  82,  83,  133, 149, 24,  43,  51,  27, 192,  55, 212, 205,  205, 194, 93,   8,  30, 151, 241,  76, 119,  59,  ... 1491 more items]
2024-11-24T09:08:22.268Z - [LOG] Receive Counter: 7
2024-11-24T09:08:22.276Z - [LOG] Packet Length: 1532 Checksum Length: 8
2024-11-24T09:08:22.282Z - [LOG] <11:8:22>: <ERROR> Decryption error: Checksum mismatch cc4680ff6cdcb874 != 9d148b6d7f30c735
2024-11-24T09:08:31.326Z - [LOG] Header  254
2024-11-24T09:08:31.338Z - [LOG] Payload:  Buffer(1797) [Uint8Array] [  254, 116,  95,  60, 190, 167,  88, 117,  16,  28,  130,   1,  94, 145,  27,  76,  28,  81,  60,  38,  124, 145, 161, 182,  74, 106, 100, 176, 173, 138,  231,  18,  59,  92,  57, 198,  80,  95, 205,  82,  203,  21,  98, 166, 193, 111,  39,   5, 119, 217,  ... 1747 more items]
2024-11-24T09:08:31.356Z - [LOG] Receive Counter: 8
2024-11-24T09:08:31.361Z - [LOG] Packet Length: 1788 Checksum Length: 8
2024-11-24T09:08:31.365Z - [LOG] <11:8:31>: <ERROR> Decryption error: Checksum mismatch a92bf373eadf3718 != c02221d277656f17
2024-11-24T09:08:35.186Z - [LOG] Header  254
2024-11-24T09:08:35.196Z - [LOG] Payload:  Buffer(1719) [Uint8Array] [  254,  79,  57, 215,  44, 136,  54, 228,  54,  53,   91, 101, 172, 142, 117, 250,  21, 216, 214, 247,  234, 145, 157, 137, 124, 189,  16, 221,  83,  74,  130,   4,  79,  10, 210, 101, 215, 159, 131, 248,  179, 173, 237,  73, 201, 195,  49, 115,  81, 169,  ... 1669 more items]
2024-11-24T09:08:35.214Z - [LOG] Receive Counter: 9
2024-11-24T09:08:35.217Z - [LOG] Packet Length: 1710 Checksum Length: 8
2024-11-24T09:08:35.220Z - [LOG] <11:8:35>: <ERROR> Decryption error: Checksum mismatch 3ec7bdabc1ca6080 != 9320b5efb260e493
2024-11-24T09:08:43.970Z - [LOG] Header  254
2024-11-24T09:08:43.976Z - [LOG] Payload:  Buffer(1797) [Uint8Array] [  254, 116,  95,  60, 190, 167,  88, 117,  16,  28,  130,   1,  94, 145,  27,  76,  28,  81,  60,  38,  124, 145, 161, 182,  74, 106, 100, 176, 173, 138,  231,  18,  59,  92,  57, 198,  80,  95, 205,  82,  203,  21,  98, 166, 193, 111,  39,   5, 119, 217,  ... 1747 more items]
2024-11-24T09:08:44.005Z - [LOG] Receive Counter: 10
2024-11-24T09:08:44.010Z - [LOG] Packet Length: 1788 Checksum Length: 8
2024-11-24T09:08:44.023Z - [LOG] <11:8:44>: <ERROR> Decryption error: Checksum mismatch 3088a773aafe9cbe != 481bd5e0568cb7a3
2024-11-24T09:08:46.391Z - [LOG] Header  254
2024-11-24T09:08:46.406Z - [LOG] Payload:  Buffer(1773) [Uint8Array] [  254, 167,  93,  13,  73,   0, 149,  23, 224,  65,  190,   7,   5, 255, 170, 134,  79, 252, 142, 178,  137, 124,  47,  19,  40, 163,  32, 221,  15, 239,  203,  69, 116,  80,   1,  41,  76, 194, 123, 183,   23, 129, 191,  29,  10, 174,   0, 150,  16, 228,  ... 1723 more items]
2024-11-24T09:08:46.423Z - [LOG] Receive Counter: 11
2024-11-24T09:08:46.427Z - [LOG] Packet Length: 1764 Checksum Length: 8
2024-11-24T09:08:46.432Z - [LOG] <11:8:46>: <ERROR> Decryption error: Checksum mismatch 8ec6441f149f9223 != eabf3bc0fb97de98
2024-11-24T09:08:46.908Z - [LOG] Header  254
2024-11-24T09:08:46.917Z - [LOG] Payload:  Buffer(1756) [Uint8Array] [  254, 197, 139, 156,  85, 180, 239,  19, 187, 181,  202,   2, 220, 108,  91, 101, 172,  78,  46,   0,  118, 209, 247, 105, 184, 182, 223,  63,  85,  48,  154,  55, 231,  81,  52,  88, 234,  11,  38,  70,  209, 191, 121, 214, 208,  68, 219, 181, 182,  16,  ... 1706 more items]
2024-11-24T09:08:46.984Z - [LOG] Receive Counter: 12
2024-11-24T09:08:47.018Z - [LOG] Packet Length: 1747 Checksum Length: 8
2024-11-24T09:08:47.033Z - [LOG] <11:8:47>: <ERROR> Decryption error: Checksum mismatch 7cd8f57acf2da783 != 2866527b275ee863
2024-11-24T09:08:50.157Z - [LOG] Header  254
2024-11-24T09:08:50.176Z - [LOG] Payload:  Buffer(1797) [Uint8Array] [  254, 116,  95,  60, 190, 167,  88, 117,  16,  28,  130,   1,  94, 145,  27,  76,  28,  81,  60,  38,  124, 145, 161, 182,  74, 106, 100, 176, 173, 138,  231,  18,  59,  92,  57, 198,  80,  95, 205,  82,  203,  21,  98, 166, 193, 111,  39,   5, 119, 217,  ... 1747 more items]
2024-11-24T09:08:50.206Z - [LOG] Receive Counter: 13
2024-11-24T09:08:50.337Z - [LOG] Packet Length: 1788 Checksum Length: 8
2024-11-24T09:08:50.370Z - [LOG] <11:8:50>: <ERROR> Decryption error: Checksum mismatch 16fe45e4305bcaec != 5824f00e150cffdf
2024-11-24T09:08:51.772Z - [LOG] Header  254
2024-11-24T09:08:51.786Z - [LOG] Payload:  Buffer(1756) [Uint8Array] [  254, 197, 139, 156,  85, 180, 239,  19, 187, 181,  202,   2, 220, 108,  91, 101, 172,  78,  46,   0,  118, 209, 247, 105, 184, 182, 223,  63,  85,  48,  154,  55, 231,  81,  52,  88, 234,  11,  38,  70,  209, 191, 121, 214, 208,  68, 219, 181, 182,  16,  ... 1706 more items]
2024-11-24T09:08:51.821Z - [LOG] Receive Counter: 14
2024-11-24T09:08:51.826Z - [LOG] Packet Length: 1747 Checksum Length: 8
2024-11-24T09:08:51.837Z - [LOG] <11:8:51>: <ERROR> Decryption error: Checksum mismatch c8136a954f4ae9b6 != 53382598c5f18ff8
2024-11-24T09:08:52.165Z - [LOG] Header  254
2024-11-24T09:08:52.171Z - [LOG] Payload:  Buffer(1687) [Uint8Array] [  254,  36, 126,   1, 220,  57,  15, 215, 171, 241,  122, 185, 245,  64,   8, 130, 160, 140, 247, 245,  197, 222,  36,  79, 171, 118,  99,  39, 159,   1,  161, 153, 226, 130, 229,  69, 240, 182,  59,  49,   13,  44, 158, 248,   5, 204, 107,  20,  93,  60,  ... 1637 more items]
2024-11-24T09:08:52.223Z - [LOG] Receive Counter: 15
2024-11-24T09:08:52.249Z - [LOG] Packet Length: 1678 Checksum Length: 8
2024-11-24T09:08:52.258Z - [LOG] <11:8:52>: <ERROR> Decryption error: Checksum mismatch fbf57b212212ee71 != cea87b5a17de8346
2024-11-24T09:08:54.075Z - [LOG] Header  254
2024-11-24T09:08:54.086Z - [LOG] Payload:  Buffer(1506) [Uint8Array] [  254, 144,  16, 167,  11, 221,  16, 252, 216, 101,    6, 210,  55,  17, 155, 143, 111, 174, 148, 161,  112, 209,  90, 227, 206,  51, 153,  26, 220,  63,  181,  41, 155, 252, 182, 216,  54, 235,  19,  86,   44,  65, 101, 159,  57,  20, 131, 232,  95,  13,  ... 1456 more items]
2024-11-24T09:08:54.125Z - [LOG] Receive Counter: 16
2024-11-24T09:08:54.140Z - [LOG] Packet Length: 1497 Checksum Length: 8
2024-11-24T09:08:54.142Z - [LOG] <11:8:54>: <ERROR> Decryption error: Checksum mismatch bbeac919c298512c != 8bea7a551030ee3c
2024-11-24T09:08:54.555Z - [LOG] Header  254
2024-11-24T09:08:54.571Z - [LOG] Payload:  Buffer(1740) [Uint8Array] [  254, 209, 169, 209, 222,  61, 147,  48, 191, 107,  168, 254, 232, 236, 164, 198, 144, 122, 177, 172,  194,  37,  37,  97,  68, 250, 137, 255,  13,  79,   61,  73, 248, 115, 234,  36, 129, 206, 242,  87,   16,  15,  47, 240, 136, 106, 126,   9,  54, 192,  ... 1690 more items]
2024-11-24T09:08:54.616Z - [LOG] Receive Counter: 17
2024-11-24T09:08:54.618Z - [LOG] Packet Length: 1731 Checksum Length: 8
2024-11-24T09:08:54.620Z - [LOG] <11:8:54>: <ERROR> Decryption error: Checksum mismatch fba7f6d856070f12 != 7f81a95fd5e1a7a6
2024-11-24T09:08:55.387Z - [LOG] Header  254
2024-11-24T09:08:55.394Z - [LOG] Payload:  Buffer(1756) [Uint8Array] [  254, 197, 139, 156,  85, 180, 239,  19, 187, 181,  202,   2, 220, 108,  91, 101, 172,  78,  46,   0,  118, 209, 247, 105, 184, 182, 223,  63,  85,  48,  154,  55, 231,  81,  52,  88, 234,  11,  38,  70,  209, 191, 121, 214, 208,  68, 219, 181, 182,  16,  ... 1706 more items]
2024-11-24T09:08:55.422Z - [LOG] Receive Counter: 18
2024-11-24T09:08:55.437Z - [LOG] Packet Length: 1747 Checksum Length: 8
2024-11-24T09:08:55.439Z - [LOG] <11:8:55>: <ERROR> Decryption error: Checksum mismatch 90ba517b511e5e0d != 6146a400aedcafb4
2024-11-24T09:08:56.384Z - [LOG] Header  254
2024-11-24T09:08:56.391Z - [LOG] Payload:  Buffer(1797) [Uint8Array] [  254, 116,  95,  60, 190, 167,  88, 117,  16,  28,  130,   1,  94, 145,  27,  76,  28,  81,  60,  38,  124, 145, 161, 182,  74, 106, 100, 176, 173, 138,  231,  18,  59,  92,  57, 198,  80,  95, 205,  82,  203,  21,  98, 166, 193, 111,  39,   5, 119, 217,  ... 1747 more items]
2024-11-24T09:08:56.419Z - [LOG] Receive Counter: 19
2024-11-24T09:08:56.424Z - [LOG] Packet Length: 1788 Checksum Length: 8
2024-11-24T09:08:56.426Z - [LOG] <11:8:56>: <ERROR> Decryption error: Checksum mismatch d14df4d96c6adfc3 != 34b97369fbab8a74
2024-11-24T09:08:58.972Z - [LOG] Header  254
2024-11-24T09:08:58.976Z - [LOG] Payload:  Buffer(1653) [Uint8Array] [  254,  87, 115, 224, 102, 240,  74,  55, 180, 139,   46, 243, 109, 159,  11, 150,  40,  69, 192, 123,   27, 218,  44,  26, 223,  83, 213, 223,  70,  43,  193, 125, 124, 153, 252, 190, 122, 143,   0,  86,  209,   2, 149, 253,   2, 112, 195,  96, 213, 175,  ... 1603 more items]
2024-11-24T09:08:58.992Z - [LOG] Receive Counter: 20
2024-11-24T09:08:59.004Z - [LOG] Packet Length: 1644 Checksum Length: 8
2024-11-24T09:08:59.007Z - [LOG] <11:8:59>: <ERROR> Decryption error: Checksum mismatch 4366f81463133c4b != e0cddef394efb75e
2024-11-24T09:09:00.105Z - [LOG] Header  254
2024-11-24T09:09:00.121Z - [LOG] Payload:  Buffer(1756) [Uint8Array] [  254, 197, 139, 156,  85, 180, 239,  19, 187, 181,  202,   2, 220, 108,  91, 101, 172,  78,  46,   0,  118, 209, 247, 105, 184, 182, 223,  63,  85,  48,  154,  55, 231,  81,  52,  88, 234,  11,  38,  70,  209, 191, 121, 214, 208,  68, 219, 181, 182,  16,  ... 1706 more items]
2024-11-24T09:09:00.157Z - [LOG] Receive Counter: 21
2024-11-24T09:09:00.223Z - [LOG] Packet Length: 1747 Checksum Length: 8
2024-11-24T09:09:00.235Z - [LOG] <11:9:0>: <ERROR> Decryption error: Checksum mismatch 4e0e7237c8035d6b != 015b8f916d847438
2024-11-24T09:09:02.476Z - [LOG] Header  254
2024-11-24T09:09:02.537Z - [LOG] Payload:  Buffer(1653) [Uint8Array] [  254,  87, 115, 224, 102, 240,  74,  55, 180, 139,   46, 243, 109, 159,  11, 150,  40,  69, 192, 123,   27, 218,  44,  26, 223,  83, 213, 223,  70,  43,  193, 125, 124, 153, 252, 190, 122, 143,   0,  86,  209,   2, 149, 253,   2, 112, 195,  96, 213, 175,  ... 1603 more items]
2024-11-24T09:09:03.093Z - [LOG] Receive Counter: 22
2024-11-24T09:09:03.367Z - [LOG] Packet Length: 1644 Checksum Length: 8
2024-11-24T09:09:03.607Z - [LOG] <11:9:3>: <ERROR> Decryption error: Checksum mismatch 9362ff4ee5c380bb != a094d905020c6842
2024-11-24T09:09:05.874Z - [LOG] Header  254
2024-11-24T09:09:05.883Z - [LOG] Payload:  Buffer(1609) [Uint8Array] [  254, 135,  45, 29, 242, 159, 116, 102, 201, 102,  132, 146, 238, 46, 252, 118,  94, 122, 224,  16,  108,   5,   3, 73, 137, 211, 204, 181, 175, 166,  216, 196, 139, 45,  44, 128, 112,  97,   4, 206,  165,  92,  53, 16, 209, 114, 233,  38,   5, 154,  ... 1559 more items]
2024-11-24T09:09:05.897Z - [LOG] Receive Counter: 23
2024-11-24T09:09:05.905Z - [LOG] Packet Length: 1600 Checksum Length: 8
2024-11-24T09:09:05.918Z - [LOG] <11:9:5>: <ERROR> Decryption error: Checksum mismatch 3b9891ff0bd7e26d != 18afb3e4eb26519b
2024-11-24T09:09:06.258Z - [LOG] Header  254
2024-11-24T09:09:06.266Z - [LOG] Payload:  Buffer(1982) [Uint8Array] [  254,  14, 42, 125, 203, 176, 212, 250, 252, 220,  251, 219, 35, 159,  20, 238, 212, 245, 105,   6,  173, 195, 65, 120, 181, 115, 189, 199,  63, 163,   67, 164, 56,  22, 201,  37, 137, 248, 160,  75,   31, 115, 61,  80, 233,  79, 123,  34, 128, 247,  ... 1932 more items]
2024-11-24T09:09:06.274Z - [LOG] Receive Counter: 24
2024-11-24T09:09:06.279Z - [LOG] Packet Length: 1973 Checksum Length: 8
2024-11-24T09:09:06.281Z - [LOG] <11:9:6>: <ERROR> Decryption error: Checksum mismatch 9064223c1097a47e != f2b3305e35e6ae0c
2024-11-24T09:09:06.771Z - [LOG] Header  254
2024-11-24T09:09:06.781Z - [LOG] Payload:  Buffer(1735) [Uint8Array] [  254,  43,  96, 243, 249,  45, 104, 192, 129,  90,   96,  15, 156, 136, 114,   9,  61, 188,  12,  21,   12,  52, 209, 163, 236, 180,  16, 215, 184, 249,  141, 230, 154,  37,  91, 182, 202, 176, 244, 220,   35, 156, 146, 134,  16, 163, 235, 108,  70,  90,  ... 1685 more items]
2024-11-24T09:09:06.801Z - [LOG] Receive Counter: 25
2024-11-24T09:09:06.805Z - [LOG] Packet Length: 1726 Checksum Length: 8
2024-11-24T09:09:06.810Z - [LOG] <11:9:6>: <ERROR> Decryption error: Checksum mismatch 70dee4ecc588c5cb != 796f1aabf852524d
2024-11-24T09:09:07.221Z - [LOG] Header  254
2024-11-24T09:09:07.233Z - [LOG] Payload:  Buffer(1797) [Uint8Array] [  254, 116,  95,  60, 190, 167,  88, 117,  16,  28,  130,   1,  94, 145,  27,  76,  28,  81,  60,  38,  124, 145, 161, 182,  74, 106, 100, 176, 173, 138,  231,  18,  59,  92,  57, 198,  80,  95, 205,  82,  203,  21,  98, 166, 193, 111,  39,   5, 119, 217,  ... 1747 more items]
2024-11-24T09:09:07.297Z - [LOG] Receive Counter: 26
2024-11-24T09:09:07.307Z - [LOG] Packet Length: 1788 Checksum Length: 8
2024-11-24T09:09:07.319Z - [LOG] <11:9:7>: <ERROR> Decryption error: Checksum mismatch 7d39bc0af9aea855 != c710eba0b6f35a5c
2024-11-24T09:09:10.881Z - [LOG] Header  254
2024-11-24T09:09:10.889Z - [LOG] Payload:  Buffer(1687) [Uint8Array] [  254,  36, 126,   1, 220,  57,  15, 215, 171, 241,  122, 185, 245,  64,   8, 130, 160, 140, 247, 245,  197, 222,  36,  79, 171, 118,  99,  39, 159,   1,  161, 153, 226, 130, 229,  69, 240, 182,  59,  49,   13,  44, 158, 248,   5, 204, 107,  20,  93,  60,  ... 1637 more items]
2024-11-24T09:09:10.941Z - [LOG] Receive Counter: 27
2024-11-24T09:09:10.955Z - [LOG] Packet Length: 1678 Checksum Length: 8
2024-11-24T09:09:10.965Z - [LOG] <11:9:10>: <ERROR> Decryption error: Checksum mismatch c499e0206242af18 != 278bbc8640426d91
2024-11-24T09:09:11.904Z - [LOG] Header  254
2024-11-24T09:09:11.921Z - [LOG] Payload:  Buffer(1735) [Uint8Array] [  254,  43,  96, 243, 249,  45, 104, 192, 129,  90,   96,  15, 156, 136, 114,   9,  61, 188,  12,  21,   12,  52, 209, 163, 236, 180,  16, 215, 184, 249,  141, 230, 154,  37,  91, 182, 202, 176, 244, 220,   35, 156, 146, 134,  16, 163, 235, 108,  70,  90,  ... 1685 more items]
2024-11-24T09:09:12.168Z - [LOG] Receive Counter: 28
2024-11-24T09:09:12.200Z - [LOG] Packet Length: 1726 Checksum Length: 8
2024-11-24T09:09:12.214Z - [LOG] <11:9:12>: <ERROR> Decryption error: Checksum mismatch 65864d5085123450 != c081a7e630e9cdf7
2024-11-24T09:09:13.976Z - [LOG] Header  254
2024-11-24T09:09:13.984Z - [LOG] Payload:  Buffer(1653) [Uint8Array] [  254,  87, 115, 224, 102, 240,  74,  55, 180, 139,   46, 243, 109, 159,  11, 150,  40,  69, 192, 123,   27, 218,  44,  26, 223,  83, 213, 223,  70,  43,  193, 125, 124, 153, 252, 190, 122, 143,   0,  86,  209,   2, 149, 253,   2, 112, 195,  96, 213, 175,  ... 1603 more items]
2024-11-24T09:09:14.052Z - [LOG] Receive Counter: 29
2024-11-24T09:09:14.057Z - [LOG] Packet Length: 1644 Checksum Length: 8
2024-11-24T09:09:14.066Z - [LOG] <11:9:14>: <ERROR> Decryption error: Checksum mismatch 1e842fb2664db377 != 0930aab06525d3bb
2024-11-24T09:09:14.565Z - [LOG] Header  254
2024-11-24T09:09:14.598Z - [LOG] Payload:  Buffer(1609) [Uint8Array] [  254, 135,  45, 29, 242, 159, 116, 102, 201, 102,  132, 146, 238, 46, 252, 118,  94, 122, 224,  16,  108,   5,   3, 73, 137, 211, 204, 181, 175, 166,  216, 196, 139, 45,  44, 128, 112,  97,   4, 206,  165,  92,  53, 16, 209, 114, 233,  38,   5, 154,  ... 1559 more items]
2024-11-24T09:09:14.682Z - [LOG] Receive Counter: 30
2024-11-24T09:09:14.687Z - [LOG] Packet Length: 1600 Checksum Length: 8
2024-11-24T09:09:14.698Z - [LOG] <11:9:14>: <ERROR> Decryption error: Checksum mismatch 38045c215a70d79a != b82519e4df656a3b
2024-11-24T09:09:15.218Z - [LOG] Header  254
2024-11-24T09:09:15.231Z - [LOG] Payload:  Buffer(1687) [Uint8Array] [  254,  36, 126,   1, 220,  57,  15, 215, 171, 241,  122, 185, 245,  64,   8, 130, 160, 140, 247, 245,  197, 222,  36,  79, 171, 118,  99,  39, 159,   1,  161, 153, 226, 130, 229,  69, 240, 182,  59,  49,   13,  44, 158, 248,   5, 204, 107,  20,  93,  60,  ... 1637 more items]
2024-11-24T09:09:15.316Z - [LOG] Receive Counter: 31
2024-11-24T09:09:15.332Z - [LOG] Packet Length: 1678 Checksum Length: 8
2024-11-24T09:09:15.336Z - [LOG] <11:9:15>: <ERROR> Decryption error: Checksum mismatch 22811c9f77836a0a != 3b12f4c4c0d615f9
2024-11-24T09:09:15.839Z - [LOG] Header  254
2024-11-24T09:09:15.847Z - [LOG] Payload:  Buffer(1735) [Uint8Array] [  254,  43,  96, 243, 249,  45, 104, 192, 129,  90,   96,  15, 156, 136, 114,   9,  61, 188,  12,  21,   12,  52, 209, 163, 236, 180,  16, 215, 184, 249,  141, 230, 154,  37,  91, 182, 202, 176, 244, 220,   35, 156, 146, 134,  16, 163, 235, 108,  70,  90,  ... 1685 more items]
2024-11-24T09:09:15.885Z - [LOG] Receive Counter: 32
2024-11-24T09:09:15.890Z - [LOG] Packet Length: 1726 Checksum Length: 8
2024-11-24T09:09:15.903Z - [LOG] <11:9:15>: <ERROR> Decryption error: Checksum mismatch 74339549eae4e168 != 75ffb26e074ffef1
2024-11-24T09:09:16.551Z - [LOG] Header  254
2024-11-24T09:09:16.600Z - [LOG] Payload:  Buffer(1653) [Uint8Array] [  254,  87, 115, 224, 102, 240,  74,  55, 180, 139,   46, 243, 109, 159,  11, 150,  40,  69, 192, 123,   27, 218,  44,  26, 223,  83, 213, 223,  70,  43,  193, 125, 124, 153, 252, 190, 122, 143,   0,  86,  209,   2, 149, 253,   2, 112, 195,  96, 213, 175,  ... 1603 more items]
2024-11-24T09:09:16.700Z - [LOG] Receive Counter: 33
2024-11-24T09:09:16.706Z - [LOG] Packet Length: 1644 Checksum Length: 8
2024-11-24T09:09:16.708Z - [LOG] <11:9:16>: <ERROR> Decryption error: Checksum mismatch 8b1cda7210fb86fd != 778d4749840ddd1b
2024-11-24T09:09:16.783Z - [LOG] Header  254
2024-11-24T09:09:16.803Z - [LOG] Payload:  Buffer(1946) [Uint8Array] [  254, 175, 223,  53, 228,  14, 118, 185,  83, 115,  140,  81,  74, 243,  36, 220,  26,  39, 232, 242,  201, 129, 178, 150, 192,   0,  54,  56, 164, 175,  240, 244, 242, 251, 178, 219,  57, 183, 166,  23,  214, 253,  76, 253, 161, 161, 186,  25,  90, 185,  ... 1896 more items]
2024-11-24T09:09:16.852Z - [LOG] Receive Counter: 34
2024-11-24T09:09:16.857Z - [LOG] Packet Length: 1937 Checksum Length: 8
2024-11-24T09:09:17.054Z - [LOG] <11:9:17>: <ERROR> Decryption error: Checksum mismatch f3c2f420b3335f6a != 6876d16d223848de
2024-11-24T09:09:17.484Z - [LOG] Header  254
2024-11-24T09:09:17.496Z - [LOG] Payload:  Buffer(1843) [Uint8Array] [  254, 250, 138, 111,  99, 144, 227, 101,  87,  27,  219,  75, 234, 169, 157, 126, 237,  13, 112, 157,  249, 113, 219,  38, 226,  92, 248,  55, 120, 152,   13,  38,  91,  88,  89,  76, 123,  23,  63, 160,  186, 223,  23,  50, 212, 190, 250, 136, 169, 131,  ... 1793 more items]
2024-11-24T09:09:17.557Z - [LOG] Receive Counter: 35
2024-11-24T09:09:17.586Z - [LOG] Packet Length: 1834 Checksum Length: 8
2024-11-24T09:09:17.602Z - [LOG] <11:9:17>: <ERROR> Decryption error: Checksum mismatch d1f675a3ec33f890 != ed4dc82722f33aba
2024-11-24T09:09:18.215Z - [LOG] Header  254
2024-11-24T09:09:18.293Z - [LOG] Payload:  Buffer(1687) [Uint8Array] [  254,  36, 126,   1, 220,  57,  15, 215, 171, 241,  122, 185, 245,  64,   8, 130, 160, 140, 247, 245,  197, 222,  36,  79, 171, 118,  99,  39, 159,   1,  161, 153, 226, 130, 229,  69, 240, 182,  59,  49,   13,  44, 158, 248,   5, 204, 107,  20,  93,  60,  ... 1637 more items]
2024-11-24T09:09:18.440Z - [LOG] Receive Counter: 36
2024-11-24T09:09:18.458Z - [LOG] Packet Length: 1678 Checksum Length: 8
2024-11-24T09:09:18.475Z - [LOG] <11:9:18>: <ERROR> Decryption error: Checksum mismatch 719ef808df7a113c != 5f978e983e41a46d
2024-11-24T09:09:18.941Z - [LOG] Header  254
2024-11-24T09:09:18.954Z - [LOG] Payload:  Buffer(1735) [Uint8Array] [  254,  43,  96, 243, 249,  45, 104, 192, 129,  90,   96,  15, 156, 136, 114,   9,  61, 188,  12,  21,   12,  52, 209, 163, 236, 180,  16, 215, 184, 249,  141, 230, 154,  37,  91, 182, 202, 176, 244, 220,   35, 156, 146, 134,  16, 163, 235, 108,  70,  90,  ... 1685 more items]
2024-11-24T09:09:18.973Z - [LOG] Receive Counter: 37
2024-11-24T09:09:18.982Z - [LOG] Packet Length: 1726 Checksum Length: 8
2024-11-24T09:09:18.985Z - [LOG] <11:9:18>: <ERROR> Decryption error: Checksum mismatch 1e3d79fbb68d0845 != d22e681e4a502bcb
2024-11-24T09:09:19.995Z - [LOG] Header  254
2024-11-24T09:09:20.003Z - [LOG] Payload:  Buffer(2104) [Uint8Array] [  254, 117, 194,  19, 199, 156, 130, 244, 216, 232,   87,  72,  92, 158,  75, 226, 246, 159, 209,   0,  182,  50,  75, 124, 128,  43,  84,  69, 115, 139,  238,  66,  75,  75, 222, 198, 128, 244,  16, 218,   70,  68, 248, 149, 184,  80, 179, 255,   1,  55,  ... 2054 more items]
2024-11-24T09:09:20.028Z - [LOG] Receive Counter: 38
2024-11-24T09:09:20.032Z - [LOG] Packet Length: 2095 Checksum Length: 8
2024-11-24T09:09:20.035Z - [LOG] <11:9:20>: <ERROR> Decryption error: Checksum mismatch 9dd288e1c5976ba8 != 9d51454e65d6c42b
2024-11-24T09:09:20.855Z - [LOG] Header  254
2024-11-24T09:09:20.867Z - [LOG] Payload:  Buffer(1653) [Uint8Array] [  254,  87, 115, 224, 102, 240,  74,  55, 180, 139,   46, 243, 109, 159,  11, 150,  40,  69, 192, 123,   27, 218,  44,  26, 223,  83, 213, 223,  70,  43,  193, 125, 124, 153, 252, 190, 122, 143,   0,  86,  209,   2, 149, 253,   2, 112, 195,  96, 213, 175,  ... 1603 more items]
2024-11-24T09:09:20.891Z - [LOG] Receive Counter: 39
2024-11-24T09:09:20.912Z - [LOG] Packet Length: 1644 Checksum Length: 8
2024-11-24T09:09:20.929Z - [LOG] <11:9:20>: <ERROR> Decryption error: Checksum mismatch edb292e76f937352 != 26d523de896326f7
2024-11-24T09:09:21.024Z - [LOG] Header  254
2024-11-24T09:09:21.033Z - [LOG] Payload:  Buffer(1946) [Uint8Array] [  254, 175, 223,  53, 228,  14, 118, 185,  83, 115,  140,  81,  74, 243,  36, 220,  26,  39, 232, 242,  201, 129, 178, 150, 192,   0,  54,  56, 164, 175,  240, 244, 242, 251, 178, 219,  57, 183, 166,  23,  214, 253,  76, 253, 161, 161, 186,  25,  90, 185,  ... 1896 more items]
2024-11-24T09:09:21.048Z - [LOG] Receive Counter: 40
2024-11-24T09:09:21.054Z - [LOG] Packet Length: 1937 Checksum Length: 8
2024-11-24T09:09:21.065Z - [LOG] <11:9:21>: <ERROR> Decryption error: Checksum mismatch 09dcb5b7ea5bb8e5 != 86cc00109812f886
2024-11-24T09:09:21.333Z - [LOG] Header  254
2024-11-24T09:09:21.341Z - [LOG] Payload:  Buffer(1687) [Uint8Array] [  254,  36, 126,   1, 220,  57,  15, 215, 171, 241,  122, 185, 245,  64,   8, 130, 160, 140, 247, 245,  197, 222,  36,  79, 171, 118,  99,  39, 159,   1,  161, 153, 226, 130, 229,  69, 240, 182,  59,  49,   13,  44, 158, 248,   5, 204, 107,  20,  93,  60,  ... 1637 more items]
2024-11-24T09:09:21.374Z - [LOG] Receive Counter: 41
2024-11-24T09:09:21.385Z - [LOG] Packet Length: 1678 Checksum Length: 8
2024-11-24T09:09:21.387Z - [LOG] <11:9:21>: <ERROR> Decryption error: Checksum mismatch cefb484da27ce0aa != 0588035e27fe32df
2024-11-24T09:09:23.151Z - [LOG] Header  254
2024-11-24T09:09:23.158Z - [LOG] Payload:  Buffer(1653) [Uint8Array] [  254,  87, 115, 224, 102, 240,  74,  55, 180, 139,   46, 243, 109, 159,  11, 150,  40,  69, 192, 123,   27, 218,  44,  26, 223,  83, 213, 223,  70,  43,  193, 125, 124, 153, 252, 190, 122, 143,   0,  86,  209,   2, 149, 253,   2, 112, 195,  96, 213, 175,  ... 1603 more items]
2024-11-24T09:09:23.192Z - [LOG] Receive Counter: 42
2024-11-24T09:09:23.199Z - [LOG] Packet Length: 1644 Checksum Length: 8
2024-11-24T09:09:23.202Z - [LOG] <11:9:23>: <ERROR> Decryption error: Checksum mismatch 6d7443b813c100b4 != 39581ddcfa23a142
2024-11-24T09:09:23.285Z - [LOG] Header  254
2024-11-24T09:09:23.295Z - [LOG] Payload:  Buffer(1946) [Uint8Array] [  254, 175, 223,  53, 228,  14, 118, 185,  83, 115,  140,  81,  74, 243,  36, 220,  26,  39, 232, 242,  201, 129, 178, 150, 192,   0,  54,  56, 164, 175,  240, 244, 242, 251, 178, 219,  57, 183, 166,  23,  214, 253,  76, 253, 161, 161, 186,  25,  90, 185,  ... 1896 more items]
2024-11-24T09:09:23.305Z - [LOG] Receive Counter: 43
2024-11-24T09:09:23.316Z - [LOG] Packet Length: 1937 Checksum Length: 8
2024-11-24T09:09:23.318Z - [LOG] <11:9:23>: <ERROR> Decryption error: Checksum mismatch 2b6a698832c64558 != c5846a4bc64fa2de
2024-11-24T09:09:24.616Z - [LOG] Header  254
2024-11-24T09:09:24.622Z - [LOG] Payload:  Buffer(1653) [Uint8Array] [  254,  87, 115, 224, 102, 240,  74,  55, 180, 139,   46, 243, 109, 159,  11, 150,  40,  69, 192, 123,   27, 218,  44,  26, 223,  83, 213, 223,  70,  43,  193, 125, 124, 153, 252, 190, 122, 143,   0,  86,  209,   2, 149, 253,   2, 112, 195,  96, 213, 175,  ... 1603 more items]
2024-11-24T09:09:24.636Z - [LOG] Receive Counter: 44
2024-11-24T09:09:24.639Z - [LOG] Packet Length: 1644 Checksum Length: 8
2024-11-24T09:09:24.642Z - [LOG] <11:9:24>: <ERROR> Decryption error: Checksum mismatch b2fe5e4124bd2bec != b1468204219529fc
2024-11-24T09:09:25.157Z - [LOG] Header  254
2024-11-24T09:09:25.166Z - [LOG] Payload:  Buffer(1687) [Uint8Array] [  254,  36, 126,   1, 220,  57,  15, 215, 171, 241,  122, 185, 245,  64,   8, 130, 160, 140, 247, 245,  197, 222,  36,  79, 171, 118,  99,  39, 159,   1,  161, 153, 226, 130, 229,  69, 240, 182,  59,  49,   13,  44, 158, 248,   5, 204, 107,  20,  93,  60,  ... 1637 more items]
2024-11-24T09:09:25.184Z - [LOG] Receive Counter: 45
2024-11-24T09:09:25.188Z - [LOG] Packet Length: 1678 Checksum Length: 8
2024-11-24T09:09:25.190Z - [LOG] <11:9:25>: <ERROR> Decryption error: Checksum mismatch 9d7e42535aedd45e != 0a217bedf7a6c893
2024-11-24T09:09:25.565Z - [LOG] Header  254
2024-11-24T09:09:25.571Z - [LOG] Payload:  Buffer(1735) [Uint8Array] [  254,  43,  96, 243, 249,  45, 104, 192, 129,  90,   96,  15, 156, 136, 114,   9,  61, 188,  12,  21,   12,  52, 209, 163, 236, 180,  16, 215, 184, 249,  141, 230, 154,  37,  91, 182, 202, 176, 244, 220,   35, 156, 146, 134,  16, 163, 235, 108,  70,  90,  ... 1685 more items]
2024-11-24T09:09:25.586Z - [LOG] Receive Counter: 46
2024-11-24T09:09:25.596Z - [LOG] Packet Length: 1726 Checksum Length: 8
2024-11-24T09:09:25.598Z - [LOG] <11:9:25>: <ERROR> Decryption error: Checksum mismatch f13b9171edf5a1d4 != 4090480d11f8ebfe
2024-11-24T09:09:26.334Z - [LOG] Header  254
2024-11-24T09:09:26.339Z - [LOG] Payload:  Buffer(1653) [Uint8Array] [  254,  87, 115, 224, 102, 240,  74,  55, 180, 139,   46, 243, 109, 159,  11, 150,  40,  69, 192, 123,   27, 218,  44,  26, 223,  83, 213, 223,  70,  43,  193, 125, 124, 153, 252, 190, 122, 143,   0,  86,  209,   2, 149, 253,   2, 112, 195,  96, 213, 175,  ... 1603 more items]
2024-11-24T09:09:26.354Z - [LOG] Receive Counter: 47
2024-11-24T09:09:26.361Z - [LOG] Packet Length: 1644 Checksum Length: 8
2024-11-24T09:09:26.365Z - [LOG] <11:9:26>: <ERROR> Decryption error: Checksum mismatch 74df1c2e52ed3f73 != f4a204e75c1c6bfe
2024-11-24T09:09:26.448Z - [LOG] Header  254
2024-11-24T09:09:26.455Z - [LOG] Payload:  Buffer(1946) [Uint8Array] [  254, 175, 223,  53, 228,  14, 118, 185,  83, 115,  140,  81,  74, 243,  36, 220,  26,  39, 232, 242,  201, 129, 178, 150, 192,   0,  54,  56, 164, 175,  240, 244, 242, 251, 178, 219,  57, 183, 166,  23,  214, 253,  76, 253, 161, 161, 186,  25,  90, 185,  ... 1896 more items]
2024-11-24T09:09:26.480Z - [LOG] Receive Counter: 48
2024-11-24T09:09:26.484Z - [LOG] Packet Length: 1937 Checksum Length: 8
2024-11-24T09:09:26.485Z - [LOG] <11:9:26>: <ERROR> Decryption error: Checksum mismatch d5561b5c6f4fa857 != 832eba162494fd37
2024-11-24T09:09:27.013Z - [LOG] Header  254
2024-11-24T09:09:27.018Z - [LOG] Payload:  Buffer(2104) [Uint8Array] [  254, 117, 194,  19, 199, 156, 130, 244, 216, 232,   87,  72,  92, 158,  75, 226, 246, 159, 209,   0,  182,  50,  75, 124, 128,  43,  84,  69, 115, 139,  238,  66,  75,  75, 222, 198, 128, 244,  16, 218,   70,  68, 248, 149, 184,  80, 179, 255,   1,  55,  ... 2054 more items]
2024-11-24T09:09:27.038Z - [LOG] Receive Counter: 49
2024-11-24T09:09:27.046Z - [LOG] Packet Length: 2095 Checksum Length: 8
2024-11-24T09:09:27.048Z - [LOG] <11:9:27>: <ERROR> Decryption error: Checksum mismatch bc90032f94bbe7f9 != eb9e307a8155af2f
2024-11-24T09:09:27.774Z - [LOG] Header  254
2024-11-24T09:09:27.786Z - [LOG] Payload:  Buffer(1735) [Uint8Array] [  254,  43,  96, 243, 249,  45, 104, 192, 129,  90,   96,  15, 156, 136, 114,   9,  61, 188,  12,  21,   12,  52, 209, 163, 236, 180,  16, 215, 184, 249,  141, 230, 154,  37,  91, 182, 202, 176, 244, 220,   35, 156, 146, 134,  16, 163, 235, 108,  70,  90,  ... 1685 more items]
2024-11-24T09:09:27.823Z - [LOG] Receive Counter: 50
2024-11-24T09:09:27.839Z - [LOG] Packet Length: 1726 Checksum Length: 8
2024-11-24T09:09:27.846Z - [LOG] <11:9:27>: <ERROR> Decryption error: Checksum mismatch 3afb33c376122519 != 5f715a4aab54d76d
2024-11-24T09:09:28.817Z - [LOG] Header  254
2024-11-24T09:09:28.830Z - [LOG] Payload:  Buffer(1653) [Uint8Array] [  254,  87, 115, 224, 102, 240,  74,  55, 180, 139,   46, 243, 109, 159,  11, 150,  40,  69, 192, 123,   27, 218,  44,  26, 223,  83, 213, 223,  70,  43,  193, 125, 124, 153, 252, 190, 122, 143,   0,  86,  209,   2, 149, 253,   2, 112, 195,  96, 213, 175,  ... 1603 more items]
2024-11-24T09:09:28.856Z - [LOG] Receive Counter: 51
2024-11-24T09:09:28.863Z - [LOG] Packet Length: 1644 Checksum Length: 8
2024-11-24T09:09:28.866Z - [LOG] <11:9:28>: <ERROR> Decryption error: Checksum mismatch 887c471bfdc24fcd != 18212a3d7ce0f31c
2024-11-24T09:09:28.941Z - [LOG] Header  254
2024-11-24T09:09:28.951Z - [LOG] Payload:  Buffer(1946) [Uint8Array] [  254, 175, 223,  53, 228,  14, 118, 185,  83, 115,  140,  81,  74, 243,  36, 220,  26,  39, 232, 242,  201, 129, 178, 150, 192,   0,  54,  56, 164, 175,  240, 244, 242, 251, 178, 219,  57, 183, 166,  23,  214, 253,  76, 253, 161, 161, 186,  25,  90, 185,  ... 1896 more items]
2024-11-24T09:09:28.968Z - [LOG] Receive Counter: 52
2024-11-24T09:09:28.973Z - [LOG] Packet Length: 1937 Checksum Length: 8
2024-11-24T09:09:28.975Z - [LOG] <11:9:28>: <ERROR> Decryption error: Checksum mismatch b645aed708f0fc4f != af935cce1d17f248
2024-11-24T09:09:29.588Z - [LOG] Header  254
2024-11-24T09:09:29.594Z - [LOG] Payload:  Buffer(1687) [Uint8Array] [  254,  36, 126,   1, 220,  57,  15, 215, 171, 241,  122, 185, 245,  64,   8, 130, 160, 140, 247, 245,  197, 222,  36,  79, 171, 118,  99,  39, 159,   1,  161, 153, 226, 130, 229,  69, 240, 182,  59,  49,   13,  44, 158, 248,   5, 204, 107,  20,  93,  60,  ... 1637 more items]
2024-11-24T09:09:29.605Z - [LOG] Receive Counter: 53
2024-11-24T09:09:29.613Z - [LOG] Packet Length: 1678 Checksum Length: 8
2024-11-24T09:09:29.625Z - [LOG] <11:9:29>: <ERROR> Decryption error: Checksum mismatch cf1a0a3661af7ca6 != 65b3476068aacc47
2024-11-24T09:09:29.846Z - [LOG] Header  254
2024-11-24T09:09:29.862Z - [LOG] Payload:  Buffer(1572) [Uint8Array] [  254, 135, 244, 207,  55, 80, 173, 100, 191, 195,  253, 125,  28, 152, 226, 66, 125,  27, 122,  77,   47, 127,  43,  97, 175, 17,  36, 227, 138,  30,  130,  45, 170,  33, 101, 54, 226,   0,  75, 208,  132, 144, 172, 146,  72, 81, 191, 231,   3, 101,  ... 1522 more items]
2024-11-24T09:09:29.892Z - [LOG] Receive Counter: 54
2024-11-24T09:09:29.905Z - [LOG] Packet Length: 1563 Checksum Length: 8
2024-11-24T09:09:29.917Z - [LOG] <11:9:29>: <ERROR> Decryption error: Checksum mismatch aec3c3a9d161f3cf != 51803899f50e1d63
2024-11-24T09:09:30.495Z - [LOG] Header  254
2024-11-24T09:09:30.503Z - [LOG] Payload:  Buffer(1761) [Uint8Array] [  254, 192, 33,  39,  32,  35,  67,  44, 233,  16,   11, 174, 76, 102, 203,   5, 248,  29, 219, 101,  168,  11, 78, 214, 145, 172, 125, 213, 254, 132,  124,  37, 94, 241, 207, 253,  10, 173, 110, 202,  187, 123, 16, 253, 130,  19,  16, 177, 228, 239,  ... 1711 more items]
2024-11-24T09:09:30.514Z - [LOG] Receive Counter: 55
2024-11-24T09:09:30.518Z - [LOG] Packet Length: 1752 Checksum Length: 8
2024-11-24T09:09:30.520Z - [LOG] <11:9:30>: <ERROR> Decryption error: Checksum mismatch 0a9c382f271ca57c != 07c7d8e4dcc1e1d4
2024-11-24T09:09:31.217Z - [LOG] Header  254
2024-11-24T09:09:31.229Z - [LOG] Payload:  Buffer(1653) [Uint8Array] [  254,  87, 115, 224, 102, 240,  74,  55, 180, 139,   46, 243, 109, 159,  11, 150,  40,  69, 192, 123,   27, 218,  44,  26, 223,  83, 213, 223,  70,  43,  193, 125, 124, 153, 252, 190, 122, 143,   0,  86,  209,   2, 149, 253,   2, 112, 195,  96, 213, 175,  ... 1603 more items]
2024-11-24T09:09:31.271Z - [LOG] Receive Counter: 56
2024-11-24T09:09:31.279Z - [LOG] Packet Length: 1644 Checksum Length: 8
2024-11-24T09:09:31.287Z - [LOG] <11:9:31>: <ERROR> Decryption error: Checksum mismatch 8d889bd9887e58b0 != b6fb1dc7d2276020
2024-11-24T09:09:31.357Z - [LOG] Header  254
2024-11-24T09:09:31.367Z - [LOG] Payload:  Buffer(1946) [Uint8Array] [  254, 175, 223,  53, 228,  14, 118, 185,  83, 115,  140,  81,  74, 243,  36, 220,  26,  39, 232, 242,  201, 129, 178, 150, 192,   0,  54,  56, 164, 175,  240, 244, 242, 251, 178, 219,  57, 183, 166,  23,  214, 253,  76, 253, 161, 161, 186,  25,  90, 185,  ... 1896 more items]
2024-11-24T09:09:31.385Z - [LOG] Receive Counter: 57
2024-11-24T09:09:31.389Z - [LOG] Packet Length: 1937 Checksum Length: 8
2024-11-24T09:09:31.398Z - [LOG] <11:9:31>: <ERROR> Decryption error: Checksum mismatch e3495b23a4ec9b8e != bee4b02f51626abb
2024-11-24T09:09:31.836Z - [LOG] Header  254
2024-11-24T09:09:31.847Z - [LOG] Payload:  Buffer(2104) [Uint8Array] [  254, 117, 194,  19, 199, 156, 130, 244, 216, 232,   87,  72,  92, 158,  75, 226, 246, 159, 209,   0,  182,  50,  75, 124, 128,  43,  84,  69, 115, 139,  238,  66,  75,  75, 222, 198, 128, 244,  16, 218,   70,  68, 248, 149, 184,  80, 179, 255,   1,  55,  ... 2054 more items]
2024-11-24T09:09:31.864Z - [LOG] Receive Counter: 58
2024-11-24T09:09:31.868Z - [LOG] Packet Length: 2095 Checksum Length: 8
2024-11-24T09:09:31.871Z - [LOG] <11:9:31>: <ERROR> Decryption error: Checksum mismatch 0f6b1655215c1371 != c9661ac39a39b575
2024-11-24T09:09:32.297Z - [LOG] Header  254
2024-11-24T09:09:32.303Z - [LOG] Payload:  Buffer(1687) [Uint8Array] [  254,  36, 126,   1, 220,  57,  15, 215, 171, 241,  122, 185, 245,  64,   8, 130, 160, 140, 247, 245,  197, 222,  36,  79, 171, 118,  99,  39, 159,   1,  161, 153, 226, 130, 229,  69, 240, 182,  59,  49,   13,  44, 158, 248,   5, 204, 107,  20,  93,  60,  ... 1637 more items]
2024-11-24T09:09:32.402Z - [LOG] Receive Counter: 59
2024-11-24T09:09:32.440Z - [LOG] Packet Length: 1678 Checksum Length: 8
2024-11-24T09:09:32.454Z - [LOG] <11:9:32>: <ERROR> Decryption error: Checksum mismatch 429aab5cabda2e95 != c2f4c255097a1084
2024-11-24T09:09:33.602Z - [LOG] Header  254
2024-11-24T09:09:33.609Z - [LOG] Payload:  Buffer(1653) [Uint8Array] [  254,  87, 115, 224, 102, 240,  74,  55, 180, 139,   46, 243, 109, 159,  11, 150,  40,  69, 192, 123,   27, 218,  44,  26, 223,  83, 213, 223,  70,  43,  193, 125, 124, 153, 252, 190, 122, 143,   0,  86,  209,   2, 149, 253,   2, 112, 195,  96, 213, 175,  ... 1603 more items]
2024-11-24T09:09:33.634Z - [LOG] Receive Counter: 60
2024-11-24T09:09:33.638Z - [LOG] Packet Length: 1644 Checksum Length: 8
2024-11-24T09:09:33.651Z - [LOG] <11:9:33>: <ERROR> Decryption error: Checksum mismatch a5aa7644c92154f9 != 19d217ff1ea61421
2024-11-24T09:09:33.906Z - [LOG] Header  254
2024-11-24T09:09:33.917Z - [LOG] Payload:  Buffer(1946) [Uint8Array] [  254, 175, 223,  53, 228,  14, 118, 185,  83, 115,  140,  81,  74, 243,  36, 220,  26,  39, 232, 242,  201, 129, 178, 150, 192,   0,  54,  56, 164, 175,  240, 244, 242, 251, 178, 219,  57, 183, 166,  23,  214, 253,  76, 253, 161, 161, 186,  25,  90, 185,  ... 1896 more items]
2024-11-24T09:09:33.932Z - [LOG] Receive Counter: 61
2024-11-24T09:09:33.937Z - [LOG] Packet Length: 1937 Checksum Length: 8
2024-11-24T09:09:33.939Z - [LOG] <11:9:33>: <ERROR> Decryption error: Checksum mismatch 5561ce65ecfb29d8 != a5f3ac62cb4d4419
2024-11-24T09:09:34.487Z - [LOG] Header  254
2024-11-24T09:09:34.672Z - [LOG] Payload:  Buffer(2104) [Uint8Array] [  254, 117, 194,  19, 199, 156, 130, 244, 216, 232,   87,  72,  92, 158,  75, 226, 246, 159, 209,   0,  182,  50,  75, 124, 128,  43,  84,  69, 115, 139,  238,  66,  75,  75, 222, 198, 128, 244,  16, 218,   70,  68, 248, 149, 184,  80, 179, 255,   1,  55,  ... 2054 more items]
2024-11-24T09:09:34.850Z - [LOG] Receive Counter: 62
2024-11-24T09:09:34.854Z - [LOG] Packet Length: 2095 Checksum Length: 8
2024-11-24T09:09:34.855Z - [LOG] <11:9:34>: <ERROR> Decryption error: Checksum mismatch a9106e0518789892 != b4442ecb20dc723b
2024-11-24T09:09:34.926Z - [LOG] Header  254
2024-11-24T09:09:34.941Z - [LOG] Payload:  Buffer(2032) [Uint8Array] [  254, 245, 198, 130, 224,   3, 122, 24,   6, 245,  223,  96, 205,  38, 201, 183, 189, 56, 113, 243,  187, 233, 247,  29,  10,  27,  17, 98,  48, 252,  242, 249, 112,   3,   6,  24,  85, 91, 222,  93,  226,  90,  15, 108,  61, 182,  21, 95,  68, 186,  ... 1982 more items]
2024-11-24T09:09:34.952Z - [LOG] Receive Counter: 63
2024-11-24T09:09:34.965Z - [LOG] Packet Length: 2023 Checksum Length: 8
2024-11-24T09:09:34.967Z - [LOG] <11:9:34>: <ERROR> Decryption error: Checksum mismatch b4c55af5afeca431 != 4762809f389e1b09
2024-11-24T09:09:35.273Z - [LOG] Header  254
2024-11-24T09:09:35.284Z - [LOG] Payload:  Buffer(1687) [Uint8Array] [  254,  36, 126,   1, 220,  57,  15, 215, 171, 241,  122, 185, 245,  64,   8, 130, 160, 140, 247, 245,  197, 222,  36,  79, 171, 118,  99,  39, 159,   1,  161, 153, 226, 130, 229,  69, 240, 182,  59,  49,   13,  44, 158, 248,   5, 204, 107,  20,  93,  60,  ... 1637 more items]
2024-11-24T09:09:35.308Z - [LOG] Receive Counter: 64
2024-11-24T09:09:35.326Z - [LOG] Packet Length: 1678 Checksum Length: 8
2024-11-24T09:09:35.344Z - [LOG] <11:9:35>: <ERROR> Decryption error: Checksum mismatch cfd61db20017dbe7 != ef31469a075ef3db
2024-11-24T09:09:35.635Z - [LOG] Header  254
2024-11-24T09:09:35.647Z - [LOG] Payload:  Buffer(1702) [Uint8Array] [  254, 104,   1,  49, 121,  39, 200,  96, 154, 221,   75,  66,   2,  34, 168, 223, 190, 111, 148, 209,  184,  84, 159, 116,  99,   1,  72,   8, 161, 106,  156, 233, 119, 211,   7, 213, 185,  99, 120, 224,   12,  82,  78,  77, 220, 114, 161,  59, 218, 186,  ... 1652 more items]
2024-11-24T09:09:35.681Z - [LOG] Receive Counter: 65
2024-11-24T09:09:35.684Z - [LOG] Packet Length: 1693 Checksum Length: 8
2024-11-24T09:09:35.684Z - [LOG] <11:9:35>: <ERROR> Decryption error: Checksum mismatch 558229b66beaeef7 != 1b02822acad1c269
2024-11-24T09:09:35.901Z - [LOG] Header  254
2024-11-24T09:09:35.915Z - [LOG] Payload:  Buffer(1735) [Uint8Array] [  254,  43,  96, 243, 249,  45, 104, 192, 129,  90,   96,  15, 156, 136, 114,   9,  61, 188,  12,  21,   12,  52, 209, 163, 236, 180,  16, 215, 184, 249,  141, 230, 154,  37,  91, 182, 202, 176, 244, 220,   35, 156, 146, 134,  16, 163, 235, 108,  70,  90,  ... 1685 more items]
2024-11-24T09:09:35.925Z - [LOG] Receive Counter: 66
2024-11-24T09:09:35.931Z - [LOG] Packet Length: 1726 Checksum Length: 8
2024-11-24T09:09:35.933Z - [LOG] <11:9:35>: <ERROR> Decryption error: Checksum mismatch 54b8d5f50fc8d413 != c55821e9151d69eb
2024-11-24T09:09:36.404Z - [LOG] Header  254
2024-11-24T09:09:36.411Z - [LOG] Payload:  Buffer(1653) [Uint8Array] [  254,  87, 115, 224, 102, 240,  74,  55, 180, 139,   46, 243, 109, 159,  11, 150,  40,  69, 192, 123,   27, 218,  44,  26, 223,  83, 213, 223,  70,  43,  193, 125, 124, 153, 252, 190, 122, 143,   0,  86,  209,   2, 149, 253,   2, 112, 195,  96, 213, 175,  ... 1603 more items]
2024-11-24T09:09:36.438Z - [LOG] Receive Counter: 67
2024-11-24T09:09:36.442Z - [LOG] Packet Length: 1644 Checksum Length: 8
2024-11-24T09:09:36.445Z - [LOG] <11:9:36>: <ERROR> Decryption error: Checksum mismatch a4fed21d36a3c48d != ef640e56d643ecc7
2024-11-24T09:09:36.533Z - [LOG] Header  254
2024-11-24T09:09:36.541Z - [LOG] Payload:  Buffer(1946) [Uint8Array] [  254, 175, 223,  53, 228,  14, 118, 185,  83, 115,  140,  81,  74, 243,  36, 220,  26,  39, 232, 242,  201, 129, 178, 150, 192,   0,  54,  56, 164, 175,  240, 244, 242, 251, 178, 219,  57, 183, 166,  23,  214, 253,  76, 253, 161, 161, 186,  25,  90, 185,  ... 1896 more items]
2024-11-24T09:09:36.566Z - [LOG] Receive Counter: 68
2024-11-24T09:09:36.573Z - [LOG] Packet Length: 1937 Checksum Length: 8
2024-11-24T09:09:36.590Z - [LOG] <11:9:36>: <ERROR> Decryption error: Checksum mismatch 9e19c0f9efe99ea6 != bca8b5a8e533f192
2024-11-24T09:09:36.905Z - [LOG] Header  254
2024-11-24T09:09:36.917Z - [LOG] Payload:  Buffer(2104) [Uint8Array] [  254, 117, 194,  19, 199, 156, 130, 244, 216, 232,   87,  72,  92, 158,  75, 226, 246, 159, 209,   0,  182,  50,  75, 124, 128,  43,  84,  69, 115, 139,  238,  66,  75,  75, 222, 198, 128, 244,  16, 218,   70,  68, 248, 149, 184,  80, 179, 255,   1,  55,  ... 2054 more items]
2024-11-24T09:09:36.957Z - [LOG] Receive Counter: 69
2024-11-24T09:09:36.965Z - [LOG] Packet Length: 2095 Checksum Length: 8
2024-11-24T09:09:36.972Z - [LOG] <11:9:36>: <ERROR> Decryption error: Checksum mismatch 2546c644fa42392c != 891477a0c64d362a
2024-11-24T09:09:37.673Z - [LOG] Header  254
2024-11-24T09:09:37.696Z - [LOG] Payload:  Buffer(1735) [Uint8Array] [  254,  43,  96, 243, 249,  45, 104, 192, 129,  90,   96,  15, 156, 136, 114,   9,  61, 188,  12,  21,   12,  52, 209, 163, 236, 180,  16, 215, 184, 249,  141, 230, 154,  37,  91, 182, 202, 176, 244, 220,   35, 156, 146, 134,  16, 163, 235, 108,  70,  90,  ... 1685 more items]
2024-11-24T09:09:37.754Z - [LOG] Receive Counter: 70
2024-11-24T09:09:37.872Z - [LOG] Packet Length: 1726 Checksum Length: 8
2024-11-24T09:09:37.973Z - [LOG] <11:9:37>: <ERROR> Decryption error: Checksum mismatch 1828c2dbce4ec9ea != 6e79d0be3746350e
2024-11-24T09:09:38.061Z - [LOG] Header  254
2024-11-24T09:09:38.067Z - [LOG] Payload:  Buffer(1576) [Uint8Array] [  254, 242, 133, 218,  89,  67, 144, 120, 170, 103,   37, 193,  96,  91, 255,  91, 206,  89,   1, 133,    6, 165, 232,  95,  33, 225,  30,  77, 125,  49,  239, 150, 203, 161, 253,  11, 205, 219,  71, 238,  142,  15, 247, 162, 207, 140, 218, 158,  24, 227,  ... 1526 more items]
2024-11-24T09:09:38.074Z - [LOG] Receive Counter: 71
2024-11-24T09:09:38.079Z - [LOG] Packet Length: 1567 Checksum Length: 8
2024-11-24T09:09:38.081Z - [LOG] <11:9:38>: <ERROR> Decryption error: Checksum mismatch 02da9b661e754821 != c8eca9bedadca44a
2024-11-24T09:09:38.749Z - [LOG] Header  254
2024-11-24T09:09:38.756Z - [LOG] Payload:  Buffer(1653) [Uint8Array] [  254,  87, 115, 224, 102, 240,  74,  55, 180, 139,   46, 243, 109, 159,  11, 150,  40,  69, 192, 123,   27, 218,  44,  26, 223,  83, 213, 223,  70,  43,  193, 125, 124, 153, 252, 190, 122, 143,   0,  86,  209,   2, 149, 253,   2, 112, 195,  96, 213, 175,  ... 1603 more items]
2024-11-24T09:09:38.791Z - [LOG] Receive Counter: 72
2024-11-24T09:09:38.800Z - [LOG] Packet Length: 1644 Checksum Length: 8
2024-11-24T09:09:38.802Z - [LOG] <11:9:38>: <ERROR> Decryption error: Checksum mismatch ec3eef7a3f50bde2 != 3235565ebb12acc9
2024-11-24T09:09:38.917Z - [LOG] Header  254
2024-11-24T09:09:38.922Z - [LOG] Payload:  Buffer(1946) [Uint8Array] [  254, 175, 223,  53, 228,  14, 118, 185,  83, 115,  140,  81,  74, 243,  36, 220,  26,  39, 232, 242,  201, 129, 178, 150, 192,   0,  54,  56, 164, 175,  240, 244, 242, 251, 178, 219,  57, 183, 166,  23,  214, 253,  76, 253, 161, 161, 186,  25,  90, 185,  ... 1896 more items]
2024-11-24T09:09:38.950Z - [LOG] Receive Counter: 73
2024-11-24T09:09:38.955Z - [LOG] Packet Length: 1937 Checksum Length: 8
2024-11-24T09:09:38.958Z - [LOG] <11:9:38>: <ERROR> Decryption error: Checksum mismatch 5f893753a170d40a != 8d12215c31c0f01e
2024-11-24T09:09:40.507Z - [LOG] Header  254
2024-11-24T09:09:40.515Z - [LOG] Payload:  Buffer(1653) [Uint8Array] [  254,  87, 115, 224, 102, 240,  74,  55, 180, 139,   46, 243, 109, 159,  11, 150,  40,  69, 192, 123,   27, 218,  44,  26, 223,  83, 213, 223,  70,  43,  193, 125, 124, 153, 252, 190, 122, 143,   0,  86,  209,   2, 149, 253,   2, 112, 195,  96, 213, 175,  ... 1603 more items]
2024-11-24T09:09:40.556Z - [LOG] Receive Counter: 74
2024-11-24T09:09:40.562Z - [LOG] Packet Length: 1644 Checksum Length: 8
2024-11-24T09:09:40.568Z - [LOG] <11:9:40>: <ERROR> Decryption error: Checksum mismatch d71ac06340674701 != a57f0ff0b27879f8
2024-11-24T09:09:40.650Z - [LOG] Header  254
2024-11-24T09:09:40.659Z - [LOG] Payload:  Buffer(1946) [Uint8Array] [  254, 175, 223,  53, 228,  14, 118, 185,  83, 115,  140,  81,  74, 243,  36, 220,  26,  39, 232, 242,  201, 129, 178, 150, 192,   0,  54,  56, 164, 175,  240, 244, 242, 251, 178, 219,  57, 183, 166,  23,  214, 253,  76, 253, 161, 161, 186,  25,  90, 185,  ... 1896 more items]
2024-11-24T09:09:40.670Z - [LOG] Receive Counter: 75
2024-11-24T09:09:40.674Z - [LOG] Packet Length: 1937 Checksum Length: 8
2024-11-24T09:09:40.680Z - [LOG] <11:9:40>: <ERROR> Decryption error: Checksum mismatch 9322656ea7e6aee1 != 4e5ec4ef2bcedfdf
2024-11-24T09:09:41.965Z - [LOG] Header  254
2024-11-24T09:09:41.970Z - [LOG] Payload:  Buffer(1653) [Uint8Array] [  254,  87, 115, 224, 102, 240,  74,  55, 180, 139,   46, 243, 109, 159,  11, 150,  40,  69, 192, 123,   27, 218,  44,  26, 223,  83, 213, 223,  70,  43,  193, 125, 124, 153, 252, 190, 122, 143,   0,  86,  209,   2, 149, 253,   2, 112, 195,  96, 213, 175,  ... 1603 more items]
2024-11-24T09:09:41.987Z - [LOG] Receive Counter: 76
2024-11-24T09:09:41.998Z - [LOG] Packet Length: 1644 Checksum Length: 8
2024-11-24T09:09:42.002Z - [LOG] <11:9:42>: <ERROR> Decryption error: Checksum mismatch a14eace9e6b4ff81 != 86f5c5fbdb136aa9
2024-11-24T09:09:42.107Z - [LOG] Header  254
2024-11-24T09:09:42.119Z - [LOG] Payload:  Buffer(1946) [Uint8Array] [  254, 175, 223,  53, 228,  14, 118, 185,  83, 115,  140,  81,  74, 243,  36, 220,  26,  39, 232, 242,  201, 129, 178, 150, 192,   0,  54,  56, 164, 175,  240, 244, 242, 251, 178, 219,  57, 183, 166,  23,  214, 253,  76, 253, 161, 161, 186,  25,  90, 185,  ... 1896 more items]
2024-11-24T09:09:42.159Z - [LOG] Receive Counter: 77
2024-11-24T09:09:42.181Z - [LOG] Packet Length: 1937 Checksum Length: 8
2024-11-24T09:09:42.183Z - [LOG] <11:9:42>: <ERROR> Decryption error: Checksum mismatch 7c4c1d8bbb344ec5 != 895ffe71dcd74452
2024-11-24T09:09:43.301Z - [LOG] Header  254
2024-11-24T09:09:43.307Z - [LOG] Payload:  Buffer(1653) [Uint8Array] [  254,  87, 115, 224, 102, 240,  74,  55, 180, 139,   46, 243, 109, 159,  11, 150,  40,  69, 192, 123,   27, 218,  44,  26, 223,  83, 213, 223,  70,  43,  193, 125, 124, 153, 252, 190, 122, 143,   0,  86,  209,   2, 149, 253,   2, 112, 195,  96, 213, 175,  ... 1603 more items]
2024-11-24T09:09:43.323Z - [LOG] Receive Counter: 78
2024-11-24T09:09:43.329Z - [LOG] Packet Length: 1644 Checksum Length: 8
2024-11-24T09:09:43.336Z - [LOG] <11:9:43>: <ERROR> Decryption error: Checksum mismatch c9ac99adef58ef6c != fbb5b4b1c12e7ddc
2024-11-24T09:09:43.424Z - [LOG] Header  254
2024-11-24T09:09:43.433Z - [LOG] Payload:  Buffer(1946) [Uint8Array] [  254, 175, 223,  53, 228,  14, 118, 185,  83, 115,  140,  81,  74, 243,  36, 220,  26,  39, 232, 242,  201, 129, 178, 150, 192,   0,  54,  56, 164, 175,  240, 244, 242, 251, 178, 219,  57, 183, 166,  23,  214, 253,  76, 253, 161, 161, 186,  25,  90, 185,  ... 1896 more items]
2024-11-24T09:09:43.441Z - [LOG] Receive Counter: 79
2024-11-24T09:09:43.449Z - [LOG] Packet Length: 1937 Checksum Length: 8
2024-11-24T09:09:43.451Z - [LOG] <11:9:43>: <ERROR> Decryption error: Checksum mismatch d8b03d9c1c984b3c != 3fa2bfa6465694c1
2024-11-24T09:09:43.796Z - [LOG] Header  254
2024-11-24T09:09:43.803Z - [LOG] Payload:  Buffer(2104) [Uint8Array] [  254, 117, 194,  19, 199, 156, 130, 244, 216, 232,   87,  72,  92, 158,  75, 226, 246, 159, 209,   0,  182,  50,  75, 124, 128,  43,  84,  69, 115, 139,  238,  66,  75,  75, 222, 198, 128, 244,  16, 218,   70,  68, 248, 149, 184,  80, 179, 255,   1,  55,  ... 2054 more items]
2024-11-24T09:09:43.817Z - [LOG] Receive Counter: 80
2024-11-24T09:09:43.825Z - [LOG] Packet Length: 2095 Checksum Length: 8
2024-11-24T09:09:43.831Z - [LOG] <11:9:43>: <ERROR> Decryption error: Checksum mismatch d5380631f1e6704f != b7d98f9b1057dd31
2024-11-24T09:09:44.547Z - [LOG] Header  254
2024-11-24T09:09:44.556Z - [LOG] Payload:  Buffer(1702) [Uint8Array] [  254, 104,   1,  49, 121,  39, 200,  96, 154, 221,   75,  66,   2,  34, 168, 223, 190, 111, 148, 209,  184,  84, 159, 116,  99,   1,  72,   8, 161, 106,  156, 233, 119, 211,   7, 213, 185,  99, 120, 224,   12,  82,  78,  77, 220, 114, 161,  59, 218, 186,  ... 1652 more items]
2024-11-24T09:09:44.573Z - [LOG] Receive Counter: 81
2024-11-24T09:09:44.582Z - [LOG] Packet Length: 1693 Checksum Length: 8
2024-11-24T09:09:44.584Z - [LOG] <11:9:44>: <ERROR> Decryption error: Checksum mismatch 390e0b05ba3b3810 != 8ba17ceaba23679f
2024-11-24T09:09:45.237Z - [LOG] Header  254
2024-11-24T09:09:45.244Z - [LOG] Payload:  Buffer(1653) [Uint8Array] [  254,  87, 115, 224, 102, 240,  74,  55, 180, 139,   46, 243, 109, 159,  11, 150,  40,  69, 192, 123,   27, 218,  44,  26, 223,  83, 213, 223,  70,  43,  193, 125, 124, 153, 252, 190, 122, 143,   0,  86,  209,   2, 149, 253,   2, 112, 195,  96, 213, 175,  ... 1603 more items]
2024-11-24T09:09:45.264Z - [LOG] Receive Counter: 82
2024-11-24T09:09:45.267Z - [LOG] Packet Length: 1644 Checksum Length: 8
2024-11-24T09:09:45.272Z - [LOG] <11:9:45>: <ERROR> Decryption error: Checksum mismatch 41d78946c269c205 != 7c3c859e8b01c500
2024-11-24T09:09:45.353Z - [LOG] Header  254
2024-11-24T09:09:45.361Z - [LOG] Payload:  Buffer(1946) [Uint8Array] [  254, 175, 223,  53, 228,  14, 118, 185,  83, 115,  140,  81,  74, 243,  36, 220,  26,  39, 232, 242,  201, 129, 178, 150, 192,   0,  54,  56, 164, 175,  240, 244, 242, 251, 178, 219,  57, 183, 166,  23,  214, 253,  76, 253, 161, 161, 186,  25,  90, 185,  ... 1896 more items]
2024-11-24T09:09:45.383Z - [LOG] Receive Counter: 83
2024-11-24T09:09:45.388Z - [LOG] Packet Length: 1937 Checksum Length: 8
2024-11-24T09:09:45.392Z - [LOG] <11:9:45>: <ERROR> Decryption error: Checksum mismatch 271b9dc24414bada != 6fc2503ff1308adc
2024-11-24T09:09:45.885Z - [LOG] Header  254
2024-11-24T09:09:45.890Z - [LOG] Payload:  Buffer(1702) [Uint8Array] [  254, 104,   1,  49, 121,  39, 200,  96, 154, 221,   75,  66,   2,  34, 168, 223, 190, 111, 148, 209,  184,  84, 159, 116,  99,   1,  72,   8, 161, 106,  156, 233, 119, 211,   7, 213, 185,  99, 120, 224,   12,  82,  78,  77, 220, 114, 161,  59, 218, 186,  ... 1652 more items]
2024-11-24T09:09:45.907Z - [LOG] Receive Counter: 84
2024-11-24T09:09:45.914Z - [LOG] Packet Length: 1693 Checksum Length: 8
2024-11-24T09:09:45.917Z - [LOG] <11:9:45>: <ERROR> Decryption error: Checksum mismatch 275488205a4452b1 != c3a87beb09a78ed4
2024-11-24T09:09:46.211Z - [LOG] Header  254
2024-11-24T09:09:46.216Z - [LOG] Payload:  Buffer(1469) [Uint8Array] [  254, 185,  79,  76, 128, 192,  52,  16,  15, 140,   28, 115, 167, 205,  87,  65, 188,  76, 128,  13,   49, 145, 254,  35, 231, 135,  58, 167,   2, 215,  179, 101, 186, 145, 203, 139, 237, 118, 113, 126,   33, 111, 104, 125, 102, 213, 175, 154,  30, 236,  ... 1419 more items]
2024-11-24T09:09:46.234Z - [LOG] Receive Counter: 85
2024-11-24T09:09:46.237Z - [LOG] Packet Length: 1460 Checksum Length: 8
2024-11-24T09:09:46.240Z - [LOG] <11:9:46>: <ERROR> Decryption error: Checksum mismatch fb85138f56abb0d4 != 9b7e80dc3b43a176
2024-11-24T09:09:46.790Z - [LOG] Header  254
2024-11-24T09:09:46.796Z - [LOG] Payload:  Buffer(1653) [Uint8Array] [  254,  87, 115, 224, 102, 240,  74,  55, 180, 139,   46, 243, 109, 159,  11, 150,  40,  69, 192, 123,   27, 218,  44,  26, 223,  83, 213, 223,  70,  43,  193, 125, 124, 153, 252, 190, 122, 143,   0,  86,  209,   2, 149, 253,   2, 112, 195,  96, 213, 175,  ... 1603 more items]
2024-11-24T09:09:46.811Z - [LOG] Receive Counter: 86
2024-11-24T09:09:46.815Z - [LOG] Packet Length: 1644 Checksum Length: 8
2024-11-24T09:09:46.817Z - [LOG] <11:9:46>: <ERROR> Decryption error: Checksum mismatch b4cbca7071a0d241 != 7d519375695153fc
2024-11-24T09:09:46.920Z - [LOG] Header  254
2024-11-24T09:09:46.925Z - [LOG] Payload:  Buffer(1946) [Uint8Array] [  254, 175, 223,  53, 228,  14, 118, 185,  83, 115,  140,  81,  74, 243,  36, 220,  26,  39, 232, 242,  201, 129, 178, 150, 192,   0,  54,  56, 164, 175,  240, 244, 242, 251, 178, 219,  57, 183, 166,  23,  214, 253,  76, 253, 161, 161, 186,  25,  90, 185,  ... 1896 more items]
2024-11-24T09:09:46.940Z - [LOG] Receive Counter: 87
2024-11-24T09:09:46.945Z - [LOG] Packet Length: 1937 Checksum Length: 8
2024-11-24T09:09:46.953Z - [LOG] <11:9:46>: <ERROR> Decryption error: Checksum mismatch c7364b0cbea88ef7 != 157a731b4e877b1d
2024-11-24T09:09:47.766Z - [LOG] Header  254
2024-11-24T09:09:47.773Z - [LOG] Payload:  Buffer(1687) [Uint8Array] [  254,  36, 126,   1, 220,  57,  15, 215, 171, 241,  122, 185, 245,  64,   8, 130, 160, 140, 247, 245,  197, 222,  36,  79, 171, 118,  99,  39, 159,   1,  161, 153, 226, 130, 229,  69, 240, 182,  59,  49,   13,  44, 158, 248,   5, 204, 107,  20,  93,  60,  ... 1637 more items]
2024-11-24T09:09:47.811Z - [LOG] Receive Counter: 88
2024-11-24T09:09:47.819Z - [LOG] Packet Length: 1678 Checksum Length: 8
2024-11-24T09:09:47.829Z - [LOG] <11:9:47>: <ERROR> Decryption error: Checksum mismatch 8e0c3cdb49391195 != 018ed7cbc80d349b
2024-11-24T09:09:49.108Z - [LOG] Header  254
2024-11-24T09:09:49.115Z - [LOG] Payload:  Buffer(1653) [Uint8Array] [  254,  87, 115, 224, 102, 240,  74,  55, 180, 139,   46, 243, 109, 159,  11, 150,  40,  69, 192, 123,   27, 218,  44,  26, 223,  83, 213, 223,  70,  43,  193, 125, 124, 153, 252, 190, 122, 143,   0,  86,  209,   2, 149, 253,   2, 112, 195,  96, 213, 175,  ... 1603 more items]
2024-11-24T09:09:49.131Z - [LOG] Receive Counter: 89
2024-11-24T09:09:49.134Z - [LOG] Packet Length: 1644 Checksum Length: 8
2024-11-24T09:09:49.136Z - [LOG] <11:9:49>: <ERROR> Decryption error: Checksum mismatch 2993d876b1aeabda != 6073f3856388ae48
2024-11-24T09:09:49.246Z - [LOG] Header  254
2024-11-24T09:09:49.257Z - [LOG] Payload:  Buffer(1946) [Uint8Array] [  254, 175, 223,  53, 228,  14, 118, 185,  83, 115,  140,  81,  74, 243,  36, 220,  26,  39, 232, 242,  201, 129, 178, 150, 192,   0,  54,  56, 164, 175,  240, 244, 242, 251, 178, 219,  57, 183, 166,  23,  214, 253,  76, 253, 161, 161, 186,  25,  90, 185,  ... 1896 more items]
2024-11-24T09:09:49.272Z - [LOG] Receive Counter: 90
2024-11-24T09:09:49.281Z - [LOG] Packet Length: 1937 Checksum Length: 8
2024-11-24T09:09:49.283Z - [LOG] <11:9:49>: <ERROR> Decryption error: Checksum mismatch 278097715a38f885 != 1a58cc5aaab0a1f1
2024-11-24T09:09:50.850Z - [LOG] Header  254
2024-11-24T09:09:50.856Z - [LOG] Payload:  Buffer(1653) [Uint8Array] [  254,  87, 115, 224, 102, 240,  74,  55, 180, 139,   46, 243, 109, 159,  11, 150,  40,  69, 192, 123,   27, 218,  44,  26, 223,  83, 213, 223,  70,  43,  193, 125, 124, 153, 252, 190, 122, 143,   0,  86,  209,   2, 149, 253,   2, 112, 195,  96, 213, 175,  ... 1603 more items]
2024-11-24T09:09:50.871Z - [LOG] Receive Counter: 91
2024-11-24T09:09:50.877Z - [LOG] Packet Length: 1644 Checksum Length: 8
2024-11-24T09:09:50.879Z - [LOG] <11:9:50>: <ERROR> Decryption error: Checksum mismatch fefedb469238a6d3 != 5894858f8bfb8765
2024-11-24T09:09:50.965Z - [LOG] Header  254
2024-11-24T09:09:50.975Z - [LOG] Payload:  Buffer(1946) [Uint8Array] [  254, 175, 223,  53, 228,  14, 118, 185,  83, 115,  140,  81,  74, 243,  36, 220,  26,  39, 232, 242,  201, 129, 178, 150, 192,   0,  54,  56, 164, 175,  240, 244, 242, 251, 178, 219,  57, 183, 166,  23,  214, 253,  76, 253, 161, 161, 186,  25,  90, 185,  ... 1896 more items]
2024-11-24T09:09:50.997Z - [LOG] Receive Counter: 92
2024-11-24T09:09:51.005Z - [LOG] Packet Length: 1937 Checksum Length: 8
2024-11-24T09:09:51.008Z - [LOG] <11:9:51>: <ERROR> Decryption error: Checksum mismatch a249cba1acce2dcf != 4c524437b790454c
2024-11-24T09:09:51.337Z - [LOG] Header  254
2024-11-24T09:09:51.343Z - [LOG] Payload:  Buffer(2104) [Uint8Array] [  254, 117, 194,  19, 199, 156, 130, 244, 216, 232,   87,  72,  92, 158,  75, 226, 246, 159, 209,   0,  182,  50,  75, 124, 128,  43,  84,  69, 115, 139,  238,  66,  75,  75, 222, 198, 128, 244,  16, 218,   70,  68, 248, 149, 184,  80, 179, 255,   1,  55,  ... 2054 more items]
2024-11-24T09:09:51.357Z - [LOG] Receive Counter: 93
2024-11-24T09:09:51.366Z - [LOG] Packet Length: 2095 Checksum Length: 8
2024-11-24T09:09:51.376Z - [LOG] <11:9:51>: <ERROR> Decryption error: Checksum mismatch 7d2dc19f301c399c != aebc731d43c968a0
2024-11-24T09:09:52.034Z - [LOG] Header  254
2024-11-24T09:09:52.038Z - [LOG] Payload:  Buffer(1469) [Uint8Array] [  254, 185,  79,  76, 128, 192,  52,  16,  15, 140,   28, 115, 167, 205,  87,  65, 188,  76, 128,  13,   49, 145, 254,  35, 231, 135,  58, 167,   2, 215,  179, 101, 186, 145, 203, 139, 237, 118, 113, 126,   33, 111, 104, 125, 102, 213, 175, 154,  30, 236,  ... 1419 more items]
2024-11-24T09:09:52.053Z - [LOG] Receive Counter: 94
2024-11-24T09:09:52.056Z - [LOG] Packet Length: 1460 Checksum Length: 8
2024-11-24T09:09:52.058Z - [LOG] <11:9:52>: <ERROR> Decryption error: Checksum mismatch 7c2f0a4ba2c8d65d != 8adc71d87169a229
2024-11-24T09:09:52.733Z - [LOG] Header  254
2024-11-24T09:09:52.749Z - [LOG] Payload:  Buffer(1653) [Uint8Array] [  254,  87, 115, 224, 102, 240,  74,  55, 180, 139,   46, 243, 109, 159,  11, 150,  40,  69, 192, 123,   27, 218,  44,  26, 223,  83, 213, 223,  70,  43,  193, 125, 124, 153, 252, 190, 122, 143,   0,  86,  209,   2, 149, 253,   2, 112, 195,  96, 213, 175,  ... 1603 more items]
2024-11-24T09:09:52.794Z - [LOG] Receive Counter: 95
2024-11-24T09:09:52.799Z - [LOG] Packet Length: 1644 Checksum Length: 8
2024-11-24T09:09:52.804Z - [LOG] <11:9:52>: <ERROR> Decryption error: Checksum mismatch 1f176cf69608ba53 != 151c2554326f4a2c
2024-11-24T09:09:52.891Z - [LOG] Header  254
2024-11-24T09:09:52.904Z - [LOG] Payload:  Buffer(1946) [Uint8Array] [  254, 175, 223,  53, 228,  14, 118, 185,  83, 115,  140,  81,  74, 243,  36, 220,  26,  39, 232, 242,  201, 129, 178, 150, 192,   0,  54,  56, 164, 175,  240, 244, 242, 251, 178, 219,  57, 183, 166,  23,  214, 253,  76, 253, 161, 161, 186,  25,  90, 185,  ... 1896 more items]
2024-11-24T09:09:53.007Z - [LOG] Receive Counter: 96
2024-11-24T09:09:53.013Z - [LOG] Packet Length: 1937 Checksum Length: 8
2024-11-24T09:09:53.022Z - [LOG] <11:9:53>: <ERROR> Decryption error: Checksum mismatch dfefaf3f083dd7f0 != ccae138011c6f26f
2024-11-24T09:09:53.824Z - [LOG] Header  254
2024-11-24T09:09:53.830Z - [LOG] Payload:  Buffer(1702) [Uint8Array] [  254, 104,   1,  49, 121,  39, 200,  96, 154, 221,   75,  66,   2,  34, 168, 223, 190, 111, 148, 209,  184,  84, 159, 116,  99,   1,  72,   8, 161, 106,  156, 233, 119, 211,   7, 213, 185,  99, 120, 224,   12,  82,  78,  77, 220, 114, 161,  59, 218, 186,  ... 1652 more items]
2024-11-24T09:09:53.845Z - [LOG] Receive Counter: 97
2024-11-24T09:09:53.849Z - [LOG] Packet Length: 1693 Checksum Length: 8
2024-11-24T09:09:53.855Z - [LOG] <11:9:53>: <ERROR> Decryption error: Checksum mismatch fb21c74c4eb19836 != 428bf4166fd46ff8
2024-11-24T09:09:54.517Z - [LOG] Header  254
2024-11-24T09:09:54.523Z - [LOG] Payload:  Buffer(1653) [Uint8Array] [  254,  87, 115, 224, 102, 240,  74,  55, 180, 139,   46, 243, 109, 159,  11, 150,  40,  69, 192, 123,   27, 218,  44,  26, 223,  83, 213, 223,  70,  43,  193, 125, 124, 153, 252, 190, 122, 143,   0,  86,  209,   2, 149, 253,   2, 112, 195,  96, 213, 175,  ... 1603 more items]
2024-11-24T09:09:54.537Z - [LOG] Receive Counter: 98
2024-11-24T09:09:54.541Z - [LOG] Packet Length: 1644 Checksum Length: 8
2024-11-24T09:09:54.544Z - [LOG] <11:9:54>: <ERROR> Decryption error: Checksum mismatch 78ce3607f154b5b3 != 71f7f092bde3c3fb
2024-11-24T09:09:54.645Z - [LOG] Header  254
2024-11-24T09:09:54.650Z - [LOG] Payload:  Buffer(1946) [Uint8Array] [  254, 175, 223,  53, 228,  14, 118, 185,  83, 115,  140,  81,  74, 243,  36, 220,  26,  39, 232, 242,  201, 129, 178, 150, 192,   0,  54,  56, 164, 175,  240, 244, 242, 251, 178, 219,  57, 183, 166,  23,  214, 253,  76, 253, 161, 161, 186,  25,  90, 185,  ... 1896 more items]
2024-11-24T09:09:54.668Z - [LOG] Receive Counter: 99
2024-11-24T09:09:54.672Z - [LOG] Packet Length: 1937 Checksum Length: 8
2024-11-24T09:09:54.680Z - [LOG] <11:9:54>: <ERROR> Decryption error: Checksum mismatch ef6d3e7aa43dc02d != b242de0dd68e5296
2024-11-24T09:09:54.958Z - [LOG] Header  254
2024-11-24T09:09:54.966Z - [LOG] Payload:  Buffer(2104) [Uint8Array] [  254, 117, 194,  19, 199, 156, 130, 244, 216, 232,   87,  72,  92, 158,  75, 226, 246, 159, 209,   0,  182,  50,  75, 124, 128,  43,  84,  69, 115, 139,  238,  66,  75,  75, 222, 198, 128, 244,  16, 218,   70,  68, 248, 149, 184,  80, 179, 255,   1,  55,  ... 2054 more items]
2024-11-24T09:09:54.980Z - [LOG] Receive Counter: 100
2024-11-24T09:09:54.988Z - [LOG] Packet Length: 2095 Checksum Length: 8
2024-11-24T09:09:54.996Z - [LOG] <11:9:54>: <ERROR> Decryption error: Checksum mismatch 1e5a68b73de7f557 != 01e891821d3bace1
2024-11-24T09:09:55.454Z - [LOG] Header  254
2024-11-24T09:09:55.461Z - [LOG] Payload:  Buffer(1702) [Uint8Array] [  254, 104,   1,  49, 121,  39, 200,  96, 154, 221,   75,  66,   2,  34, 168, 223, 190, 111, 148, 209,  184,  84, 159, 116,  99,   1,  72,   8, 161, 106,  156, 233, 119, 211,   7, 213, 185,  99, 120, 224,   12,  82,  78,  77, 220, 114, 161,  59, 218, 186,  ... 1652 more items]
2024-11-24T09:09:55.474Z - [LOG] Receive Counter: 101
2024-11-24T09:09:55.479Z - [LOG] Packet Length: 1693 Checksum Length: 8
2024-11-24T09:09:55.481Z - [LOG] <11:9:55>: <ERROR> Decryption error: Checksum mismatch 2706edc0d75442fe != a2def7a1842f3f0e
2024-11-24T09:09:55.956Z - [LOG] Header  254
2024-11-24T09:09:55.968Z - [LOG] Payload:  Buffer(1761) [Uint8Array] [  254, 192, 33,  39,  32,  35,  67,  44, 233,  16,   11, 174, 76, 102, 203,   5, 248,  29, 219, 101,  168,  11, 78, 214, 145, 172, 125, 213, 254, 132,  124,  37, 94, 241, 207, 253,  10, 173, 110, 202,  187, 123, 16, 253, 130,  19,  16, 177, 228, 239,  ... 1711 more items]
2024-11-24T09:09:55.987Z - [LOG] Receive Counter: 102
2024-11-24T09:09:55.995Z - [LOG] Packet Length: 1752 Checksum Length: 8
2024-11-24T09:09:56.003Z - [LOG] <11:9:56>: <ERROR> Decryption error: Checksum mismatch 212c1138193d0631 != 5b5b57e9ba7665ff
2024-11-24T09:09:56.475Z - [LOG] Header  254
2024-11-24T09:09:56.482Z - [LOG] Payload:  Buffer(1653) [Uint8Array] [  254,  87, 115, 224, 102, 240,  74,  55, 180, 139,   46, 243, 109, 159,  11, 150,  40,  69, 192, 123,   27, 218,  44,  26, 223,  83, 213, 223,  70,  43,  193, 125, 124, 153, 252, 190, 122, 143,   0,  86,  209,   2, 149, 253,   2, 112, 195,  96, 213, 175,  ... 1603 more items]
2024-11-24T09:09:56.503Z - [LOG] Receive Counter: 103
2024-11-24T09:09:56.508Z - [LOG] Packet Length: 1644 Checksum Length: 8
2024-11-24T09:09:56.512Z - [LOG] <11:9:56>: <ERROR> Decryption error: Checksum mismatch 016c9f176f49cc21 != ec08643f3f8d3e61
2024-11-24T09:09:56.613Z - [LOG] Header  254
2024-11-24T09:09:56.619Z - [LOG] Payload:  Buffer(1946) [Uint8Array] [  254, 175, 223,  53, 228,  14, 118, 185,  83, 115,  140,  81,  74, 243,  36, 220,  26,  39, 232, 242,  201, 129, 178, 150, 192,   0,  54,  56, 164, 175,  240, 244, 242, 251, 178, 219,  57, 183, 166,  23,  214, 253,  76, 253, 161, 161, 186,  25,  90, 185,  ... 1896 more items]
2024-11-24T09:09:56.638Z - [LOG] Receive Counter: 104
2024-11-24T09:09:56.644Z - [LOG] Packet Length: 1937 Checksum Length: 8
2024-11-24T09:09:56.649Z - [LOG] <11:9:56>: <ERROR> Decryption error: Checksum mismatch abccfe2a75f2ee59 != 1a9a8b68d3028335
2024-11-24T09:09:56.857Z - [LOG] Header  254
2024-11-24T09:09:56.885Z - [LOG] Payload:  Buffer(1584) [Uint8Array] [  254,  43, 219, 219,  75, 145,  30, 104, 142,  224, 150,  30, 150,  92,  83, 231, 238, 202,  143,  56, 215, 147,  60, 102, 166,  26, 208,   84, 233,  13, 140,  51, 163, 224, 238, 254,  200, 214, 145, 209, 108,  93,  20, 219, 135,  245, 202, 231, 111, 180,  ... 1534 more items]
2024-11-24T09:09:56.933Z - [LOG] Receive Counter: 105
2024-11-24T09:09:56.937Z - [LOG] Packet Length: 1575 Checksum Length: 8
2024-11-24T09:09:56.941Z - [LOG] <11:9:56>: <ERROR> Decryption error: Checksum mismatch 52c63b14013ec214 != 719244467f7220d5
2024-11-24T09:09:57.866Z - [LOG] Header  254
2024-11-24T09:09:57.878Z - [LOG] Payload:  Buffer(1702) [Uint8Array] [  254, 104,   1,  49, 121,  39, 200,  96, 154, 221,   75,  66,   2,  34, 168, 223, 190, 111, 148, 209,  184,  84, 159, 116,  99,   1,  72,   8, 161, 106,  156, 233, 119, 211,   7, 213, 185,  99, 120, 224,   12,  82,  78,  77, 220, 114, 161,  59, 218, 186,  ... 1652 more items]
2024-11-24T09:09:57.914Z - [LOG] Receive Counter: 106
2024-11-24T09:09:57.918Z - [LOG] Packet Length: 1693 Checksum Length: 8
2024-11-24T09:09:57.925Z - [LOG] <11:9:57>: <ERROR> Decryption error: Checksum mismatch 8b80fd7b9303dcbf != de3c6bbe33552303
2024-11-24T09:09:58.711Z - [LOG] Header  254
2024-11-24T09:09:58.716Z - [LOG] Payload:  Buffer(1653) [Uint8Array] [  254,  87, 115, 224, 102, 240,  74,  55, 180, 139,   46, 243, 109, 159,  11, 150,  40,  69, 192, 123,   27, 218,  44,  26, 223,  83, 213, 223,  70,  43,  193, 125, 124, 153, 252, 190, 122, 143,   0,  86,  209,   2, 149, 253,   2, 112, 195,  96, 213, 175,  ... 1603 more items]
2024-11-24T09:09:58.727Z - [LOG] Receive Counter: 107
2024-11-24T09:09:58.738Z - [LOG] Packet Length: 1644 Checksum Length: 8
2024-11-24T09:09:58.746Z - [LOG] <11:9:58>: <ERROR> Decryption error: Checksum mismatch a9ec08b2e74dd2bb != 3b8f46e3dcb2a190
2024-11-24T09:09:58.841Z - [LOG] Header  254
2024-11-24T09:09:58.857Z - [LOG] Payload:  Buffer(1946) [Uint8Array] [  254, 175, 223,  53, 228,  14, 118, 185,  83, 115,  140,  81,  74, 243,  36, 220,  26,  39, 232, 242,  201, 129, 178, 150, 192,   0,  54,  56, 164, 175,  240, 244, 242, 251, 178, 219,  57, 183, 166,  23,  214, 253,  76, 253, 161, 161, 186,  25,  90, 185,  ... 1896 more items]
2024-11-24T09:09:58.875Z - [LOG] Receive Counter: 108
2024-11-24T09:09:58.887Z - [LOG] Packet Length: 1937 Checksum Length: 8
2024-11-24T09:09:58.890Z - [LOG] <11:9:58>: <ERROR> Decryption error: Checksum mismatch 3f59feecbe8f7776 != ec35b9d26836185e
2024-11-24T09:09:59.932Z - [LOG] Header  254
2024-11-24T09:09:59.938Z - [LOG] Payload:  Buffer(1702) [Uint8Array] [  254, 104,   1,  49, 121,  39, 200,  96, 154, 221,   75,  66,   2,  34, 168, 223, 190, 111, 148, 209,  184,  84, 159, 116,  99,   1,  72,   8, 161, 106,  156, 233, 119, 211,   7, 213, 185,  99, 120, 224,   12,  82,  78,  77, 220, 114, 161,  59, 218, 186,  ... 1652 more items]
2024-11-24T09:09:59.954Z - [LOG] Receive Counter: 109
2024-11-24T09:09:59.957Z - [LOG] Packet Length: 1693 Checksum Length: 8
2024-11-24T09:09:59.965Z - [LOG] <11:9:59>: <ERROR> Decryption error: Checksum mismatch db2bc14673c759bd != 82f5eaaa389c89b6
2024-11-24T09:10:00.734Z - [LOG] Header  254
2024-11-24T09:10:00.741Z - [LOG] Payload:  Buffer(1653) [Uint8Array] [  254,  87, 115, 224, 102, 240,  74,  55, 180, 139,   46, 243, 109, 159,  11, 150,  40,  69, 192, 123,   27, 218,  44,  26, 223,  83, 213, 223,  70,  43,  193, 125, 124, 153, 252, 190, 122, 143,   0,  86,  209,   2, 149, 253,   2, 112, 195,  96, 213, 175,  ... 1603 more items]
2024-11-24T09:10:00.788Z - [LOG] Receive Counter: 110
2024-11-24T09:10:00.795Z - [LOG] Packet Length: 1644 Checksum Length: 8
2024-11-24T09:10:00.817Z - [LOG] <11:10:0>: <ERROR> Decryption error: Checksum mismatch 5136e811c2113bc2 != 048380c6d4353df1
2024-11-24T09:10:00.907Z - [LOG] Header  254
2024-11-24T09:10:00.914Z - [LOG] Payload:  Buffer(1946) [Uint8Array] [  254, 175, 223,  53, 228,  14, 118, 185,  83, 115,  140,  81,  74, 243,  36, 220,  26,  39, 232, 242,  201, 129, 178, 150, 192,   0,  54,  56, 164, 175,  240, 244, 242, 251, 178, 219,  57, 183, 166,  23,  214, 253,  76, 253, 161, 161, 186,  25,  90, 185,  ... 1896 more items]
2024-11-24T09:10:00.936Z - [LOG] Receive Counter: 111
2024-11-24T09:10:00.945Z - [LOG] Packet Length: 1937 Checksum Length: 8
2024-11-24T09:10:00.948Z - [LOG] <11:10:0>: <ERROR> Decryption error: Checksum mismatch de08ca73d436c00b != 271c625a3a84ed6e
2024-11-24T09:10:01.145Z - [LOG] Header  254
2024-11-24T09:10:01.151Z - [LOG] Payload:  Buffer(1584) [Uint8Array] [  254,  43, 219, 219,  75, 145,  30, 104, 142,  224, 150,  30, 150,  92,  83, 231, 238, 202,  143,  56, 215, 147,  60, 102, 166,  26, 208,   84, 233,  13, 140,  51, 163, 224, 238, 254,  200, 214, 145, 209, 108,  93,  20, 219, 135,  245, 202, 231, 111, 180,  ... 1534 more items]
2024-11-24T09:10:01.173Z - [LOG] Receive Counter: 112
2024-11-24T09:10:01.178Z - [LOG] Packet Length: 1575 Checksum Length: 8
2024-11-24T09:10:01.184Z - [LOG] <11:10:1>: <ERROR> Decryption error: Checksum mismatch 2665a88ea9db66f5 != 5a8e99ae617337e6
2024-11-24T09:10:01.721Z - [LOG] Header  254
2024-11-24T09:10:01.730Z - [LOG] Payload:  Buffer(2104) [Uint8Array] [  254, 117, 194,  19, 199, 156, 130, 244, 216, 232,   87,  72,  92, 158,  75, 226, 246, 159, 209,   0,  182,  50,  75, 124, 128,  43,  84,  69, 115, 139,  238,  66,  75,  75, 222, 198, 128, 244,  16, 218,   70,  68, 248, 149, 184,  80, 179, 255,   1,  55,  ... 2054 more items]
2024-11-24T09:10:01.763Z - [LOG] Receive Counter: 113
2024-11-24T09:10:01.769Z - [LOG] Packet Length: 2095 Checksum Length: 8
2024-11-24T09:10:01.774Z - [LOG] <11:10:1>: <ERROR> Decryption error: Checksum mismatch be1b179b4a6cb969 != bda438d6da57de57
2024-11-24T09:10:02.094Z - [LOG] Header  254
2024-11-24T09:10:02.112Z - [LOG] Payload:  Buffer(1816) [Uint8Array] [  254, 235,  63, 224, 218,  38,  60,  94, 226,   5,  119, 100,  46, 178,  85,   8, 251,  99,  87, 207,   44, 210,  25, 212, 137, 129,  72, 234,   2, 105,  197,  67, 101,  28,  33, 136,  24, 111,  89,  21,  148, 115,  30, 252, 137,   2, 229, 123, 103, 134,  ... 1766 more items]
2024-11-24T09:10:02.135Z - [LOG] Receive Counter: 114
2024-11-24T09:10:02.139Z - [LOG] Packet Length: 1807 Checksum Length: 8
2024-11-24T09:10:02.148Z - [LOG] <11:10:2>: <ERROR> Decryption error: Checksum mismatch 314e831f4ae0e129 != 3036342fdd7cece1
2024-11-24T09:10:02.814Z - [LOG] Header  254
2024-11-24T09:10:02.827Z - [LOG] Payload:  Buffer(1469) [Uint8Array] [  254, 185,  79,  76, 128, 192,  52,  16,  15, 140,   28, 115, 167, 205,  87,  65, 188,  76, 128,  13,   49, 145, 254,  35, 231, 135,  58, 167,   2, 215,  179, 101, 186, 145, 203, 139, 237, 118, 113, 126,   33, 111, 104, 125, 102, 213, 175, 154,  30, 236,  ... 1419 more items]
2024-11-24T09:10:02.878Z - [LOG] Receive Counter: 115
2024-11-24T09:10:02.884Z - [LOG] Packet Length: 1460 Checksum Length: 8
2024-11-24T09:10:02.889Z - [LOG] <11:10:2>: <ERROR> Decryption error: Checksum mismatch 34ee7f74bd379a17 != 85d894e2583312ba
2024-11-24T09:10:03.718Z - [LOG] Header  254
2024-11-24T09:10:03.731Z - [LOG] Payload:  Buffer(1653) [Uint8Array] [  254,  87, 115, 224, 102, 240,  74,  55, 180, 139,   46, 243, 109, 159,  11, 150,  40,  69, 192, 123,   27, 218,  44,  26, 223,  83, 213, 223,  70,  43,  193, 125, 124, 153, 252, 190, 122, 143,   0,  86,  209,   2, 149, 253,   2, 112, 195,  96, 213, 175,  ... 1603 more items]
2024-11-24T09:10:03.766Z - [LOG] Receive Counter: 116
2024-11-24T09:10:03.771Z - [LOG] Packet Length: 1644 Checksum Length: 8
2024-11-24T09:10:03.774Z - [LOG] <11:10:3>: <ERROR> Decryption error: Checksum mismatch 38223e54e5f0790d != 0082fdc3ac2a338a
2024-11-24T09:10:03.849Z - [LOG] Header  254
2024-11-24T09:10:03.856Z - [LOG] Payload:  Buffer(1946) [Uint8Array] [  254, 175, 223,  53, 228,  14, 118, 185,  83, 115,  140,  81,  74, 243,  36, 220,  26,  39, 232, 242,  201, 129, 178, 150, 192,   0,  54,  56, 164, 175,  240, 244, 242, 251, 178, 219,  57, 183, 166,  23,  214, 253,  76, 253, 161, 161, 186,  25,  90, 185,  ... 1896 more items]
2024-11-24T09:10:03.866Z - [LOG] Receive Counter: 117
2024-11-24T09:10:03.872Z - [LOG] Packet Length: 1937 Checksum Length: 8
2024-11-24T09:10:03.882Z - [LOG] <11:10:3>: <ERROR> Decryption error: Checksum mismatch 0783d1a9e901b0df != ab5cff8316a6e5df
2024-11-24T09:10:04.101Z - [LOG] Header  254
2024-11-24T09:10:04.117Z - [LOG] Payload:  Buffer(2104) [Uint8Array] [  254, 117, 194,  19, 199, 156, 130, 244, 216, 232,   87,  72,  92, 158,  75, 226, 246, 159, 209,   0,  182,  50,  75, 124, 128,  43,  84,  69, 115, 139,  238,  66,  75,  75, 222, 198, 128, 244,  16, 218,   70,  68, 248, 149, 184,  80, 179, 255,   1,  55,  ... 2054 more items]
2024-11-24T09:10:04.133Z - [LOG] Receive Counter: 118
2024-11-24T09:10:04.137Z - [LOG] Packet Length: 2095 Checksum Length: 8
2024-11-24T09:10:04.139Z - [LOG] <11:10:4>: <ERROR> Decryption error: Checksum mismatch e4b99e00e8c79e93 != d2a7d6c892de18ad
2024-11-24T09:10:04.999Z - [LOG] Header  254
2024-11-24T09:10:05.008Z - [LOG] Payload:  Buffer(1702) [Uint8Array] [  254, 104,   1,  49, 121,  39, 200,  96, 154, 221,   75,  66,   2,  34, 168, 223, 190, 111, 148, 209,  184,  84, 159, 116,  99,   1,  72,   8, 161, 106,  156, 233, 119, 211,   7, 213, 185,  99, 120, 224,   12,  82,  78,  77, 220, 114, 161,  59, 218, 186,  ... 1652 more items]
2024-11-24T09:10:05.041Z - [LOG] Receive Counter: 119
2024-11-24T09:10:05.057Z - [LOG] Packet Length: 1693 Checksum Length: 8
2024-11-24T09:10:05.089Z - [LOG] <11:10:5>: <ERROR> Decryption error: Checksum mismatch e742651065baef77 != e5f762ac0751e77a
2024-11-24T09:10:06.333Z - [LOG] Header  254
2024-11-24T09:10:06.370Z - [LOG] Payload:  Buffer(1653) [Uint8Array] [  254,  87, 115, 224, 102, 240,  74,  55, 180, 139,   46, 243, 109, 159,  11, 150,  40,  69, 192, 123,   27, 218,  44,  26, 223,  83, 213, 223,  70,  43,  193, 125, 124, 153, 252, 190, 122, 143,   0,  86,  209,   2, 149, 253,   2, 112, 195,  96, 213, 175,  ... 1603 more items]
2024-11-24T09:10:06.642Z - [LOG] Receive Counter: 120
2024-11-24T09:10:06.661Z - [LOG] Packet Length: 1644 Checksum Length: 8
2024-11-24T09:10:06.664Z - [LOG] <11:10:6>: <ERROR> Decryption error: Checksum mismatch e2ec4b7d74890fac != 88c801fe6e00e305
2024-11-24T09:10:07.346Z - [LOG] Header  254
2024-11-24T09:10:07.370Z - [LOG] Payload:  Buffer(1946) [Uint8Array] [  254, 175, 223,  53, 228,  14, 118, 185,  83, 115,  140,  81,  74, 243,  36, 220,  26,  39, 232, 242,  201, 129, 178, 150, 192,   0,  54,  56, 164, 175,  240, 244, 242, 251, 178, 219,  57, 183, 166,  23,  214, 253,  76, 253, 161, 161, 186,  25,  90, 185,  ... 1896 more items]
2024-11-24T09:10:07.388Z - [LOG] Receive Counter: 121
2024-11-24T09:10:07.397Z - [LOG] Packet Length: 1937 Checksum Length: 8
2024-11-24T09:10:07.399Z - [LOG] <11:10:7>: <ERROR> Decryption error: Checksum mismatch d9d290d8dd720b6d != 0f5e5604c7a5879e
2024-11-24T09:10:08.677Z - [LOG] Header  254
2024-11-24T09:10:08.685Z - [LOG] Payload:  Buffer(1702) [Uint8Array] [  254, 104,   1,  49, 121,  39, 200,  96, 154, 221,   75,  66,   2,  34, 168, 223, 190, 111, 148, 209,  184,  84, 159, 116,  99,   1,  72,   8, 161, 106,  156, 233, 119, 211,   7, 213, 185,  99, 120, 224,   12,  82,  78,  77, 220, 114, 161,  59, 218, 186,  ... 1652 more items]
2024-11-24T09:10:08.721Z - [LOG] Receive Counter: 122
2024-11-24T09:10:08.731Z - [LOG] Packet Length: 1693 Checksum Length: 8
2024-11-24T09:10:08.734Z - [LOG] <11:10:8>: <ERROR> Decryption error: Checksum mismatch 3de7e05622996073 != b7bb9169cc43d293
2024-11-24T09:10:09.382Z - [LOG] Header  254
2024-11-24T09:10:09.387Z - [LOG] Payload:  Buffer(1653) [Uint8Array] [  254,  87, 115, 224, 102, 240,  74,  55, 180, 139,   46, 243, 109, 159,  11, 150,  40,  69, 192, 123,   27, 218,  44,  26, 223,  83, 213, 223,  70,  43,  193, 125, 124, 153, 252, 190, 122, 143,   0,  86,  209,   2, 149, 253,   2, 112, 195,  96, 213, 175,  ... 1603 more items]
2024-11-24T09:10:09.405Z - [LOG] Receive Counter: 123
2024-11-24T09:10:09.408Z - [LOG] Packet Length: 1644 Checksum Length: 8
2024-11-24T09:10:09.414Z - [LOG] <11:10:9>: <ERROR> Decryption error: Checksum mismatch 1616cf2636be3835 != d661feb994a5086e
2024-11-24T09:10:09.514Z - [LOG] Header  254
2024-11-24T09:10:09.521Z - [LOG] Payload:  Buffer(1946) [Uint8Array] [  254, 175, 223,  53, 228,  14, 118, 185,  83, 115,  140,  81,  74, 243,  36, 220,  26,  39, 232, 242,  201, 129, 178, 150, 192,   0,  54,  56, 164, 175,  240, 244, 242, 251, 178, 219,  57, 183, 166,  23,  214, 253,  76, 253, 161, 161, 186,  25,  90, 185,  ... 1896 more items]
2024-11-24T09:10:09.534Z - [LOG] Receive Counter: 124
2024-11-24T09:10:09.537Z - [LOG] Packet Length: 1937 Checksum Length: 8
2024-11-24T09:10:09.541Z - [LOG] <11:10:9>: <ERROR> Decryption error: Checksum mismatch 2d80cf3cb7346773 != 242eb32404921af4
2024-11-24T09:10:10.530Z - [LOG] Header  254
2024-11-24T09:10:10.536Z - [LOG] Payload:  Buffer(1702) [Uint8Array] [  254, 104,   1,  49, 121,  39, 200,  96, 154, 221,   75,  66,   2,  34, 168, 223, 190, 111, 148, 209,  184,  84, 159, 116,  99,   1,  72,   8, 161, 106,  156, 233, 119, 211,   7, 213, 185,  99, 120, 224,   12,  82,  78,  77, 220, 114, 161,  59, 218, 186,  ... 1652 more items]
2024-11-24T09:10:10.556Z - [LOG] Receive Counter: 125
2024-11-24T09:10:10.566Z - [LOG] Packet Length: 1693 Checksum Length: 8
2024-11-24T09:10:10.579Z - [LOG] <11:10:10>: <ERROR> Decryption error: Checksum mismatch c0608e2105a7777d != a0dda3b0d197dd6e
2024-11-24T09:10:11.198Z - [LOG] Header  254
2024-11-24T09:10:11.213Z - [LOG] Payload:  Buffer(1653) [Uint8Array] [  254,  87, 115, 224, 102, 240,  74,  55, 180, 139,   46, 243, 109, 159,  11, 150,  40,  69, 192, 123,   27, 218,  44,  26, 223,  83, 213, 223,  70,  43,  193, 125, 124, 153, 252, 190, 122, 143,   0,  86,  209,   2, 149, 253,   2, 112, 195,  96, 213, 175,  ... 1603 more items]
2024-11-24T09:10:11.243Z - [LOG] Receive Counter: 126
2024-11-24T09:10:11.252Z - [LOG] Packet Length: 1644 Checksum Length: 8
2024-11-24T09:10:11.256Z - [LOG] <11:10:11>: <ERROR> Decryption error: Checksum mismatch 4ff4319cc48f2b00 != 9c9cd13fb6d7ff6f
2024-11-24T09:10:11.331Z - [LOG] Header  254
2024-11-24T09:10:11.339Z - [LOG] Payload:  Buffer(1946) [Uint8Array] [  254, 175, 223,  53, 228,  14, 118, 185,  83, 115,  140,  81,  74, 243,  36, 220,  26,  39, 232, 242,  201, 129, 178, 150, 192,   0,  54,  56, 164, 175,  240, 244, 242, 251, 178, 219,  57, 183, 166,  23,  214, 253,  76, 253, 161, 161, 186,  25,  90, 185,  ... 1896 more items]
2024-11-24T09:10:11.368Z - [LOG] Receive Counter: 127
2024-11-24T09:10:11.371Z - [LOG] Packet Length: 1937 Checksum Length: 8
2024-11-24T09:10:11.373Z - [LOG] <11:10:11>: <ERROR> Decryption error: Checksum mismatch 320da9b9b9385da2 != f701058c55a259da
2024-11-24T09:10:11.527Z - [LOG] Header  254
2024-11-24T09:10:11.535Z - [LOG] Payload:  Buffer(1584) [Uint8Array] [  254,  43, 219, 219,  75, 145,  30, 104, 142,  224, 150,  30, 150,  92,  83, 231, 238, 202,  143,  56, 215, 147,  60, 102, 166,  26, 208,   84, 233,  13, 140,  51, 163, 224, 238, 254,  200, 214, 145, 209, 108,  93,  20, 219, 135,  245, 202, 231, 111, 180,  ... 1534 more items]
2024-11-24T09:10:11.550Z - [LOG] Receive Counter: 128
2024-11-24T09:10:11.554Z - [LOG] Packet Length: 1575 Checksum Length: 8
2024-11-24T09:10:11.556Z - [LOG] <11:10:11>: <ERROR> Decryption error: Checksum mismatch 6f18993d079ab590 != eaa52d83a0db4486
2024-11-24T09:10:12.268Z - [LOG] Header  254
2024-11-24T09:10:12.277Z - [LOG] Payload:  Buffer(1702) [Uint8Array] [  254, 104,   1,  49, 121,  39, 200,  96, 154, 221,   75,  66,   2,  34, 168, 223, 190, 111, 148, 209,  184,  84, 159, 116,  99,   1,  72,   8, 161, 106,  156, 233, 119, 211,   7, 213, 185,  99, 120, 224,   12,  82,  78,  77, 220, 114, 161,  59, 218, 186,  ... 1652 more items]
2024-11-24T09:10:12.306Z - [LOG] Receive Counter: 129
2024-11-24T09:10:12.332Z - [LOG] Packet Length: 1693 Checksum Length: 8
2024-11-24T09:10:12.335Z - [LOG] <11:10:12>: <ERROR> Decryption error: Checksum mismatch 66397ef577d21093 != 1f286747381ee5c3
2024-11-24T09:10:12.916Z - [LOG] Header  254
2024-11-24T09:10:12.923Z - [LOG] Payload:  Buffer(1653) [Uint8Array] [  254,  87, 115, 224, 102, 240,  74,  55, 180, 139,   46, 243, 109, 159,  11, 150,  40,  69, 192, 123,   27, 218,  44,  26, 223,  83, 213, 223,  70,  43,  193, 125, 124, 153, 252, 190, 122, 143,   0,  86,  209,   2, 149, 253,   2, 112, 195,  96, 213, 175,  ... 1603 more items]
2024-11-24T09:10:12.963Z - [LOG] Receive Counter: 130
2024-11-24T09:10:12.973Z - [LOG] Packet Length: 1644 Checksum Length: 8
2024-11-24T09:10:12.981Z - [LOG] <11:10:12>: <ERROR> Decryption error: Checksum mismatch 0011f0f87d522a39 != 9c87a4b4a86e1969
2024-11-24T09:10:13.047Z - [LOG] Header  254
2024-11-24T09:10:13.061Z - [LOG] Payload:  Buffer(1946) [Uint8Array] [  254, 175, 223,  53, 228,  14, 118, 185,  83, 115,  140,  81,  74, 243,  36, 220,  26,  39, 232, 242,  201, 129, 178, 150, 192,   0,  54,  56, 164, 175,  240, 244, 242, 251, 178, 219,  57, 183, 166,  23,  214, 253,  76, 253, 161, 161, 186,  25,  90, 185,  ... 1896 more items]
2024-11-24T09:10:13.217Z - [LOG] Receive Counter: 131
2024-11-24T09:10:13.224Z - [LOG] Packet Length: 1937 Checksum Length: 8
2024-11-24T09:10:13.228Z - [LOG] <11:10:13>: <ERROR> Decryption error: Checksum mismatch 7178a8487ba2d8be != d94ab65193876d52
2024-11-24T09:10:13.932Z - [LOG] Header  254
2024-11-24T09:10:13.939Z - [LOG] Payload:  Buffer(1687) [Uint8Array] [  254,  36, 126,   1, 220,  57,  15, 215, 171, 241,  122, 185, 245,  64,   8, 130, 160, 140, 247, 245,  197, 222,  36,  79, 171, 118,  99,  39, 159,   1,  161, 153, 226, 130, 229,  69, 240, 182,  59,  49,   13,  44, 158, 248,   5, 204, 107,  20,  93,  60,  ... 1637 more items]
2024-11-24T09:10:13.965Z - [LOG] Receive Counter: 132
2024-11-24T09:10:13.968Z - [LOG] Packet Length: 1678 Checksum Length: 8
2024-11-24T09:10:13.971Z - [LOG] <11:10:13>: <ERROR> Decryption error: Checksum mismatch 3fd7f21e23775e46 != d185c19b8a0ae0e6
2024-11-24T09:10:14.062Z - [LOG] Header  254
2024-11-24T09:10:14.068Z - [LOG] Payload:  Buffer(1572) [Uint8Array] [  254, 135, 244, 207,  55, 80, 173, 100, 191, 195,  253, 125,  28, 152, 226, 66, 125,  27, 122,  77,   47, 127,  43,  97, 175, 17,  36, 227, 138,  30,  130,  45, 170,  33, 101, 54, 226,   0,  75, 208,  132, 144, 172, 146,  72, 81, 191, 231,   3, 101,  ... 1522 more items]
2024-11-24T09:10:14.084Z - [LOG] Receive Counter: 133
2024-11-24T09:10:14.087Z - [LOG] Packet Length: 1563 Checksum Length: 8
2024-11-24T09:10:14.096Z - [LOG] <11:10:14>: <ERROR> Decryption error: Checksum mismatch 0268c58a0b5bf357 != 857ce0dcdcdc95cf
2024-11-24T09:10:14.690Z - [LOG] Header  254
2024-11-24T09:10:14.700Z - [LOG] Payload:  Buffer(2164) [Uint8Array] [  254, 155,  28, 205,  45, 159,  28,  63,  77,   9,   13, 247, 232, 136, 156, 236,  54, 140, 229, 181,    6, 186,  42,   8,  39, 105, 111, 214,  93, 119,  153, 132,  69, 248, 124, 201, 174, 203, 194,  18,  105,  29,  73,  85, 178,  92, 179,  43,  92,  85,  ... 2114 more items]
2024-11-24T09:10:14.715Z - [LOG] Receive Counter: 134
2024-11-24T09:10:14.718Z - [LOG] Packet Length: 2155 Checksum Length: 8
2024-11-24T09:10:14.728Z - [LOG] <11:10:14>: <ERROR> Decryption error: Checksum mismatch 117f67ce29f30628 != 4e75ea763a0ed2e6
2024-11-24T09:10:15.584Z - [LOG] Header  254
2024-11-24T09:10:15.588Z - [LOG] Payload:  Buffer(1653) [Uint8Array] [  254,  87, 115, 224, 102, 240,  74,  55, 180, 139,   46, 243, 109, 159,  11, 150,  40,  69, 192, 123,   27, 218,  44,  26, 223,  83, 213, 223,  70,  43,  193, 125, 124, 153, 252, 190, 122, 143,   0,  86,  209,   2, 149, 253,   2, 112, 195,  96, 213, 175,  ... 1603 more items]
2024-11-24T09:10:15.598Z - [LOG] Receive Counter: 135
2024-11-24T09:10:15.608Z - [LOG] Packet Length: 1644 Checksum Length: 8
2024-11-24T09:10:15.611Z - [LOG] <11:10:15>: <ERROR> Decryption error: Checksum mismatch a42bb6e9b770d1c8 != 567c43cb240f5c23
2024-11-24T09:10:15.901Z - [LOG] Header  254
2024-11-24T09:10:15.916Z - [LOG] Payload:  Buffer(2104) [Uint8Array] [  254, 117, 194,  19, 199, 156, 130, 244, 216, 232,   87,  72,  92, 158,  75, 226, 246, 159, 209,   0,  182,  50,  75, 124, 128,  43,  84,  69, 115, 139,  238,  66,  75,  75, 222, 198, 128, 244,  16, 218,   70,  68, 248, 149, 184,  80, 179, 255,   1,  55,  ... 2054 more items]
2024-11-24T09:10:15.951Z - [LOG] Receive Counter: 136
2024-11-24T09:10:15.955Z - [LOG] Packet Length: 2095 Checksum Length: 8
2024-11-24T09:10:15.957Z - [LOG] <11:10:15>: <ERROR> Decryption error: Checksum mismatch fc388816e671a8e1 != 4400decc3b6b65a2
2024-11-24T09:10:16.794Z - [LOG] Header  254
2024-11-24T09:10:16.800Z - [LOG] Payload:  Buffer(1740) [Uint8Array] [  254, 209, 169, 209, 222,  61, 147,  48, 191, 107,  168, 254, 232, 236, 164, 198, 144, 122, 177, 172,  194,  37,  37,  97,  68, 250, 137, 255,  13,  79,   61,  73, 248, 115, 234,  36, 129, 206, 242,  87,   16,  15,  47, 240, 136, 106, 126,   9,  54, 192,  ... 1690 more items]
2024-11-24T09:10:16.813Z - [LOG] Receive Counter: 137
2024-11-24T09:10:16.817Z - [LOG] Packet Length: 1731 Checksum Length: 8
2024-11-24T09:10:16.822Z - [LOG] <11:10:16>: <ERROR> Decryption error: Checksum mismatch 77982e4c4f124f28 != 40205abaa7bde2df
2024-11-24T09:10:17.557Z - [LOG] Header  254
2024-11-24T09:10:17.582Z - [LOG] Payload:  Buffer(1609) [Uint8Array] [  254, 135,  45, 29, 242, 159, 116, 102, 201, 102,  132, 146, 238, 46, 252, 118,  94, 122, 224,  16,  108,   5,   3, 73, 137, 211, 204, 181, 175, 166,  216, 196, 139, 45,  44, 128, 112,  97,   4, 206,  165,  92,  53, 16, 209, 114, 233,  38,   5, 154,  ... 1559 more items]
2024-11-24T09:10:17.652Z - [LOG] Receive Counter: 138
2024-11-24T09:10:17.660Z - [LOG] Packet Length: 1600 Checksum Length: 8
2024-11-24T09:10:17.664Z - [LOG] <11:10:17>: <ERROR> Decryption error: Checksum mismatch 16f7b2a59bd18c72 != 45010df2d397a928
2024-11-24T09:10:17.950Z - [LOG] Header  254
2024-11-24T09:10:17.956Z - [LOG] Payload:  Buffer(2104) [Uint8Array] [  254, 117, 194,  19, 199, 156, 130, 244, 216, 232,   87,  72,  92, 158,  75, 226, 246, 159, 209,   0,  182,  50,  75, 124, 128,  43,  84,  69, 115, 139,  238,  66,  75,  75, 222, 198, 128, 244,  16, 218,   70,  68, 248, 149, 184,  80, 179, 255,   1,  55,  ... 2054 more items]
2024-11-24T09:10:17.996Z - [LOG] Receive Counter: 139
2024-11-24T09:10:18.001Z - [LOG] Packet Length: 2095 Checksum Length: 8
2024-11-24T09:10:18.023Z - [LOG] <11:10:18>: <ERROR> Decryption error: Checksum mismatch 42b1f72780bfe7ef != 50eec1a29de00d71
2024-11-24T09:10:19.461Z - [LOG] Header  254
2024-11-24T09:10:19.466Z - [LOG] Payload:  Buffer(1653) [Uint8Array] [  254,  87, 115, 224, 102, 240,  74,  55, 180, 139,   46, 243, 109, 159,  11, 150,  40,  69, 192, 123,   27, 218,  44,  26, 223,  83, 213, 223,  70,  43,  193, 125, 124, 153, 252, 190, 122, 143,   0,  86,  209,   2, 149, 253,   2, 112, 195,  96, 213, 175,  ... 1603 more items]
2024-11-24T09:10:19.504Z - [LOG] Receive Counter: 140
2024-11-24T09:10:19.507Z - [LOG] Packet Length: 1644 Checksum Length: 8
2024-11-24T09:10:19.515Z - [LOG] <11:10:19>: <ERROR> Decryption error: Checksum mismatch 3b5eabde4f300208 != dcb8382ce122e312
2024-11-24T09:10:19.593Z - [LOG] Header  254
2024-11-24T09:10:19.600Z - [LOG] Payload:  Buffer(1946) [Uint8Array] [  254, 175, 223,  53, 228,  14, 118, 185,  83, 115,  140,  81,  74, 243,  36, 220,  26,  39, 232, 242,  201, 129, 178, 150, 192,   0,  54,  56, 164, 175,  240, 244, 242, 251, 178, 219,  57, 183, 166,  23,  214, 253,  76, 253, 161, 161, 186,  25,  90, 185,  ... 1896 more items]
2024-11-24T09:10:19.622Z - [LOG] Receive Counter: 141
2024-11-24T09:10:19.636Z - [LOG] Packet Length: 1937 Checksum Length: 8
2024-11-24T09:10:19.638Z - [LOG] <11:10:19>: <ERROR> Decryption error: Checksum mismatch 54e8c05fc0ffa12b != b8e062e5e3a6fd88
2024-11-24T09:10:20.059Z - [LOG] Header  254
2024-11-24T09:10:20.199Z - [LOG] Payload:  Buffer(1742) [Uint8Array] [  254, 172, 104,  80, 110, 218, 131, 164, 251, 108,  121,  71, 184,  83, 225,  73, 211, 104,  77,  55,   60,  53, 224, 118, 249, 146,  25,  93,  68, 139,   73,  95,  10, 193, 125, 101,  70,   1, 172, 167,   80, 198, 143, 133,  61,   6,  67, 167, 199, 147,  ... 1692 more items]
2024-11-24T09:10:20.205Z - [LOG] Receive Counter: 142
2024-11-24T09:10:20.207Z - [LOG] Packet Length: 1733 Checksum Length: 8
2024-11-24T09:10:20.208Z - [LOG] <11:10:20>: <ERROR> Decryption error: Checksum mismatch d5fb5508272923b5 != e890be87f32c885b
2024-11-24T09:10:20.743Z - [LOG] Header  254
2024-11-24T09:10:20.748Z - [LOG] Payload:  Buffer(1687) [Uint8Array] [  254,  36, 126,   1, 220,  57,  15, 215, 171, 241,  122, 185, 245,  64,   8, 130, 160, 140, 247, 245,  197, 222,  36,  79, 171, 118,  99,  39, 159,   1,  161, 153, 226, 130, 229,  69, 240, 182,  59,  49,   13,  44, 158, 248,   5, 204, 107,  20,  93,  60,  ... 1637 more items]
2024-11-24T09:10:20.762Z - [LOG] Receive Counter: 143
2024-11-24T09:10:20.767Z - [LOG] Packet Length: 1678 Checksum Length: 8
2024-11-24T09:10:20.773Z - [LOG] <11:10:20>: <ERROR> Decryption error: Checksum mismatch 6984807c0b8fbe0c != 6aa3ca987f87ed4f
2024-11-24T09:10:20.872Z - [LOG] Header  254
2024-11-24T09:10:20.878Z - [LOG] Payload:  Buffer(1572) [Uint8Array] [  254, 135, 244, 207,  55, 80, 173, 100, 191, 195,  253, 125,  28, 152, 226, 66, 125,  27, 122,  77,   47, 127,  43,  97, 175, 17,  36, 227, 138,  30,  130,  45, 170,  33, 101, 54, 226,   0,  75, 208,  132, 144, 172, 146,  72, 81, 191, 231,   3, 101,  ... 1522 more items]
2024-11-24T09:10:20.886Z - [LOG] Receive Counter: 144
2024-11-24T09:10:20.889Z - [LOG] Packet Length: 1563 Checksum Length: 8
2024-11-24T09:10:20.894Z - [LOG] <11:10:20>: <ERROR> Decryption error: Checksum mismatch 799fefbb1cd61cca != 69682f2190b527a7
2024-11-24T09:10:21.876Z - [LOG] Header  254
2024-11-24T09:10:21.882Z - [LOG] Payload:  Buffer(1653) [Uint8Array] [  254,  87, 115, 224, 102, 240,  74,  55, 180, 139,   46, 243, 109, 159,  11, 150,  40,  69, 192, 123,   27, 218,  44,  26, 223,  83, 213, 223,  70,  43,  193, 125, 124, 153, 252, 190, 122, 143,   0,  86,  209,   2, 149, 253,   2, 112, 195,  96, 213, 175,  ... 1603 more items]
2024-11-24T09:10:21.889Z - [LOG] Receive Counter: 145
2024-11-24T09:10:21.898Z - [LOG] Packet Length: 1644 Checksum Length: 8
2024-11-24T09:10:21.901Z - [LOG] <11:10:21>: <ERROR> Decryption error: Checksum mismatch 1edd7c9433038fd8 != b094b814243e23c7
2024-11-24T09:10:22.463Z - [LOG] Header  254
2024-11-24T09:10:22.484Z - [LOG] Payload:  Buffer(1609) [Uint8Array] [  254, 135,  45, 29, 242, 159, 116, 102, 201, 102,  132, 146, 238, 46, 252, 118,  94, 122, 224,  16,  108,   5,   3, 73, 137, 211, 204, 181, 175, 166,  216, 196, 139, 45,  44, 128, 112,  97,   4, 206,  165,  92,  53, 16, 209, 114, 233,  38,   5, 154,  ... 1559 more items]
2024-11-24T09:10:22.523Z - [LOG] Receive Counter: 146
2024-11-24T09:10:22.534Z - [LOG] Packet Length: 1600 Checksum Length: 8
2024-11-24T09:10:22.538Z - [LOG] <11:10:22>: <ERROR> Decryption error: Checksum mismatch 85e15a761f9b3d91 != 86dbbc75cd3cdbbf
2024-11-24T09:10:23.857Z - [LOG] Header  254
2024-11-24T09:10:23.867Z - [LOG] Payload:  Buffer(1653) [Uint8Array] [  254,  87, 115, 224, 102, 240,  74,  55, 180, 139,   46, 243, 109, 159,  11, 150,  40,  69, 192, 123,   27, 218,  44,  26, 223,  83, 213, 223,  70,  43,  193, 125, 124, 153, 252, 190, 122, 143,   0,  86,  209,   2, 149, 253,   2, 112, 195,  96, 213, 175,  ... 1603 more items]
2024-11-24T09:10:23.873Z - [LOG] Receive Counter: 147
2024-11-24T09:10:23.884Z - [LOG] Packet Length: 1644 Checksum Length: 8
2024-11-24T09:10:23.886Z - [LOG] <11:10:23>: <ERROR> Decryption error: Checksum mismatch ea45e91e6afcbbdc != 8778bfaa4f01409c
2024-11-24T09:10:23.979Z - [LOG] Header  254
2024-11-24T09:10:23.987Z - [LOG] Payload:  Buffer(1946) [Uint8Array] [  254, 175, 223,  53, 228,  14, 118, 185,  83, 115,  140,  81,  74, 243,  36, 220,  26,  39, 232, 242,  201, 129, 178, 150, 192,   0,  54,  56, 164, 175,  240, 244, 242, 251, 178, 219,  57, 183, 166,  23,  214, 253,  76, 253, 161, 161, 186,  25,  90, 185,  ... 1896 more items]
2024-11-24T09:10:24.004Z - [LOG] Receive Counter: 148
2024-11-24T09:10:24.013Z - [LOG] Packet Length: 1937 Checksum Length: 8
2024-11-24T09:10:24.016Z - [LOG] <11:10:24>: <ERROR> Decryption error: Checksum mismatch 91ff728a742a477d != 16dc66fe4a6310a0
2024-11-24T09:10:24.165Z - [LOG] Header  254
2024-11-24T09:10:24.173Z - [LOG] Payload:  Buffer(1521) [Uint8Array] [  254, 147,  49,   8, 226, 190,  17, 199, 228, 140,   64, 148, 138, 228, 236, 186, 229, 177,  75,  29,  231,   6,  70, 109, 158, 246, 232, 172,  82, 113,   12, 251, 163,  54,  89,  82, 120,  54, 214, 200,  148, 162,  15,   4,  53, 131,  65, 130, 132, 155,  ... 1471 more items]
2024-11-24T09:10:24.190Z - [LOG] Receive Counter: 149
2024-11-24T09:10:24.246Z - [LOG] Packet Length: 1512 Checksum Length: 8
2024-11-24T09:10:24.253Z - [LOG] <11:10:24>: <ERROR> Decryption error: Checksum mismatch 4948ff2b3543d9bf != 0dab9dd1921a8f1e
2024-11-24T09:10:25.088Z - [LOG] Header  254
2024-11-24T09:10:25.200Z - [LOG] Payload:  Buffer(1687) [Uint8Array] [  254,  36, 126,   1, 220,  57,  15, 215, 171, 241,  122, 185, 245,  64,   8, 130, 160, 140, 247, 245,  197, 222,  36,  79, 171, 118,  99,  39, 159,   1,  161, 153, 226, 130, 229,  69, 240, 182,  59,  49,   13,  44, 158, 248,   5, 204, 107,  20,  93,  60,  ... 1637 more items]
2024-11-24T09:10:25.337Z - [LOG] Receive Counter: 150
2024-11-24T09:10:25.349Z - [LOG] Packet Length: 1678 Checksum Length: 8
2024-11-24T09:10:25.363Z - [LOG] <11:10:25>: <ERROR> Decryption error: Checksum mismatch 377cd214e1195cf3 != 2bbfa91ed1fb3fb3
2024-11-24T09:10:26.321Z - [LOG] Header  254
2024-11-24T09:10:26.337Z - [LOG] Payload:  Buffer(1653) [Uint8Array] [  254,  87, 115, 224, 102, 240,  74,  55, 180, 139,   46, 243, 109, 159,  11, 150,  40,  69, 192, 123,   27, 218,  44,  26, 223,  83, 213, 223,  70,  43,  193, 125, 124, 153, 252, 190, 122, 143,   0,  86,  209,   2, 149, 253,   2, 112, 195,  96, 213, 175,  ... 1603 more items]
2024-11-24T09:10:26.688Z - [LOG] Receive Counter: 151
2024-11-24T09:10:26.701Z - [LOG] Packet Length: 1644 Checksum Length: 8
2024-11-24T09:10:26.706Z - [LOG] <11:10:26>: <ERROR> Decryption error: Checksum mismatch 3b54de7175d1fad4 != cde8c96198be3f9e
2024-11-24T09:10:30.213Z - [LOG] Header  254
2024-11-24T09:10:30.219Z - [LOG] Payload:  Buffer(1946) [Uint8Array] [  254, 175, 223,  53, 228,  14, 118, 185,  83, 115,  140,  81,  74, 243,  36, 220,  26,  39, 232, 242,  201, 129, 178, 150, 192,   0,  54,  56, 164, 175,  240, 244, 242, 251, 178, 219,  57, 183, 166,  23,  214, 253,  76, 253, 161, 161, 186,  25,  90, 185,  ... 1896 more items]
2024-11-24T09:10:30.233Z - [LOG] Receive Counter: 152
2024-11-24T09:10:30.236Z - [LOG] Packet Length: 1937 Checksum Length: 8
2024-11-24T09:10:30.238Z - [LOG] <11:10:30>: <ERROR> Decryption error: Checksum mismatch 0963eef0528e3fc8 != 4c4f8680dd71dbc8
2024-11-24T09:10:31.153Z - [LOG] Header  254
2024-11-24T09:10:31.185Z - [LOG] Payload:  Buffer(1816) [Uint8Array] [  254, 235,  63, 224, 218,  38,  60,  94, 226,   5,  119, 100,  46, 178,  85,   8, 251,  99,  87, 207,   44, 210,  25, 212, 137, 129,  72, 234,   2, 105,  197,  67, 101,  28,  33, 136,  24, 111,  89,  21,  148, 115,  30, 252, 137,   2, 229, 123, 103, 134,  ... 1766 more items]
2024-11-24T09:10:31.218Z - [LOG] Receive Counter: 153
2024-11-24T09:10:31.229Z - [LOG] Packet Length: 1807 Checksum Length: 8
2024-11-24T09:10:31.232Z - [LOG] <11:10:31>: <ERROR> Decryption error: Checksum mismatch 176f42e0239206f1 != 67ab838c31325f4d
2024-11-24T09:10:32.949Z - [LOG] Header  254
2024-11-24T09:10:32.997Z - [LOG] Payload:  Buffer(1653) [Uint8Array] [  254,  87, 115, 224, 102, 240,  74,  55, 180, 139,   46, 243, 109, 159,  11, 150,  40,  69, 192, 123,   27, 218,  44,  26, 223,  83, 213, 223,  70,  43,  193, 125, 124, 153, 252, 190, 122, 143,   0,  86,  209,   2, 149, 253,   2, 112, 195,  96, 213, 175,  ... 1603 more items]
2024-11-24T09:10:33.145Z - [LOG] Receive Counter: 154
2024-11-24T09:10:33.160Z - [LOG] Packet Length: 1644 Checksum Length: 8
2024-11-24T09:10:33.165Z - [LOG] <11:10:33>: <ERROR> Decryption error: Checksum mismatch 2549677fd6f15ceb != aefcca053f49cb5a
2024-11-24T09:10:33.244Z - [LOG] Header  254
2024-11-24T09:10:33.251Z - [LOG] Payload:  Buffer(1946) [Uint8Array] [  254, 175, 223,  53, 228,  14, 118, 185,  83, 115,  140,  81,  74, 243,  36, 220,  26,  39, 232, 242,  201, 129, 178, 150, 192,   0,  54,  56, 164, 175,  240, 244, 242, 251, 178, 219,  57, 183, 166,  23,  214, 253,  76, 253, 161, 161, 186,  25,  90, 185,  ... 1896 more items]
2024-11-24T09:10:33.279Z - [LOG] Receive Counter: 155
2024-11-24T09:10:33.290Z - [LOG] Packet Length: 1937 Checksum Length: 8
2024-11-24T09:10:33.294Z - [LOG] <11:10:33>: <ERROR> Decryption error: Checksum mismatch d67553b946d6e3c6 != cfd36269b07f7db2
2024-11-24T09:10:34.228Z - [LOG] Header  254
2024-11-24T09:10:34.235Z - [LOG] Payload:  Buffer(1469) [Uint8Array] [  254, 185,  79,  76, 128, 192,  52,  16,  15, 140,   28, 115, 167, 205,  87,  65, 188,  76, 128,  13,   49, 145, 254,  35, 231, 135,  58, 167,   2, 215,  179, 101, 186, 145, 203, 139, 237, 118, 113, 126,   33, 111, 104, 125, 102, 213, 175, 154,  30, 236,  ... 1419 more items]
2024-11-24T09:10:34.256Z - [LOG] Receive Counter: 156
2024-11-24T09:10:34.267Z - [LOG] Packet Length: 1460 Checksum Length: 8
2024-11-24T09:10:34.268Z - [LOG] <11:10:34>: <ERROR> Decryption error: Checksum mismatch 9939e5e6410978dd != 9abb6ad20d43da07
2024-11-24T09:10:35.263Z - [LOG] Header  254
2024-11-24T09:10:35.269Z - [LOG] Payload:  Buffer(1680) [Uint8Array] [  254,  95,  87, 251, 207,  27, 114,  99,   0, 123,  184, 117, 136,  98, 173, 197, 139, 127,  40, 206,   14, 126,  42, 153,   5, 127,  25,  19, 231, 230,   57, 166, 246,  85,  61, 171, 118, 121,  95, 104,  189,  94, 251, 207, 214, 196,   1, 183, 254, 232,  ... 1630 more items]
2024-11-24T09:10:35.280Z - [LOG] Receive Counter: 157
2024-11-24T09:10:35.289Z - [LOG] Packet Length: 1671 Checksum Length: 8
2024-11-24T09:10:35.293Z - [LOG] <11:10:35>: <ERROR> Decryption error: Checksum mismatch ffb5123bd006efbb != 8ef31d5aeae237b8
2024-11-24T09:10:36.207Z - [LOG] Header  254
2024-11-24T09:10:36.226Z - [LOG] Payload:  Buffer(1469) [Uint8Array] [  254, 185,  79,  76, 128, 192,  52,  16,  15, 140,   28, 115, 167, 205,  87,  65, 188,  76, 128,  13,   49, 145, 254,  35, 231, 135,  58, 167,   2, 215,  179, 101, 186, 145, 203, 139, 237, 118, 113, 126,   33, 111, 104, 125, 102, 213, 175, 154,  30, 236,  ... 1419 more items]
2024-11-24T09:10:36.236Z - [LOG] Receive Counter: 158
2024-11-24T09:10:36.243Z - [LOG] Packet Length: 1460 Checksum Length: 8
2024-11-24T09:10:36.245Z - [LOG] <11:10:36>: <ERROR> Decryption error: Checksum mismatch 0b3f3dc45ad06e33 != d3393ad5f8d51f5e
2024-11-24T09:10:36.849Z - [LOG] Header  254
2024-11-24T09:10:36.856Z - [LOG] Payload:  Buffer(2104) [Uint8Array] [  254, 117, 194,  19, 199, 156, 130, 244, 216, 232,   87,  72,  92, 158,  75, 226, 246, 159, 209,   0,  182,  50,  75, 124, 128,  43,  84,  69, 115, 139,  238,  66,  75,  75, 222, 198, 128, 244,  16, 218,   70,  68, 248, 149, 184,  80, 179, 255,   1,  55,  ... 2054 more items]
2024-11-24T09:10:36.865Z - [LOG] Receive Counter: 159
2024-11-24T09:10:36.868Z - [LOG] Packet Length: 2095 Checksum Length: 8
2024-11-24T09:10:36.873Z - [LOG] <11:10:36>: <ERROR> Decryption error: Checksum mismatch f72db3d1cd80a017 != eb67fb71fe0dc1bc
2024-11-24T09:10:38.200Z - [LOG] Header  254
2024-11-24T09:10:38.256Z - [LOG] Payload:  Buffer(1761) [Uint8Array] [  254, 192, 33,  39,  32,  35,  67,  44, 233,  16,   11, 174, 76, 102, 203,   5, 248,  29, 219, 101,  168,  11, 78, 214, 145, 172, 125, 213, 254, 132,  124,  37, 94, 241, 207, 253,  10, 173, 110, 202,  187, 123, 16, 253, 130,  19,  16, 177, 228, 239,  ... 1711 more items]
2024-11-24T09:10:38.387Z - [LOG] Receive Counter: 160
2024-11-24T09:10:38.397Z - [LOG] Packet Length: 1752 Checksum Length: 8
2024-11-24T09:10:38.402Z - [LOG] <11:10:38>: <ERROR> Decryption error: Checksum mismatch c41a2bdcfd554625 != 22da7b33e0f0d1c5
2024-11-24T09:10:39.186Z - [LOG] Header  254
2024-11-24T09:10:39.213Z - [LOG] Payload:  Buffer(1687) [Uint8Array] [  254,  36, 126,   1, 220,  57,  15, 215, 171, 241,  122, 185, 245,  64,   8, 130, 160, 140, 247, 245,  197, 222,  36,  79, 171, 118,  99,  39, 159,   1,  161, 153, 226, 130, 229,  69, 240, 182,  59,  49,   13,  44, 158, 248,   5, 204, 107,  20,  93,  60,  ... 1637 more items]
2024-11-24T09:10:39.222Z - [LOG] Receive Counter: 161
2024-11-24T09:10:39.227Z - [LOG] Packet Length: 1678 Checksum Length: 8
2024-11-24T09:10:39.228Z - [LOG] <11:10:39>: <ERROR> Decryption error: Checksum mismatch b8786e94aa1a2f90 != c9e45128453ee4f0
2024-11-24T09:10:39.561Z - [LOG] Header  254
2024-11-24T09:10:39.566Z - [LOG] Payload:  Buffer(1469) [Uint8Array] [  254, 185,  79,  76, 128, 192,  52,  16,  15, 140,   28, 115, 167, 205,  87,  65, 188,  76, 128,  13,   49, 145, 254,  35, 231, 135,  58, 167,   2, 215,  179, 101, 186, 145, 203, 139, 237, 118, 113, 126,   33, 111, 104, 125, 102, 213, 175, 154,  30, 236,  ... 1419 more items]
2024-11-24T09:10:39.579Z - [LOG] Receive Counter: 162
2024-11-24T09:10:39.594Z - [LOG] Packet Length: 1460 Checksum Length: 8
2024-11-24T09:10:39.597Z - [LOG] <11:10:39>: <ERROR> Decryption error: Checksum mismatch 2e3c7bd99b3a431d != ea84055656f63bbe
2024-11-24T09:10:39.817Z - [LOG] Header  254
2024-11-24T09:10:39.822Z - [LOG] Payload:  Buffer(1761) [Uint8Array] [  254, 192, 33,  39,  32,  35,  67,  44, 233,  16,   11, 174, 76, 102, 203,   5, 248,  29, 219, 101,  168,  11, 78, 214, 145, 172, 125, 213, 254, 132,  124,  37, 94, 241, 207, 253,  10, 173, 110, 202,  187, 123, 16, 253, 130,  19,  16, 177, 228, 239,  ... 1711 more items]
2024-11-24T09:10:39.832Z - [LOG] Receive Counter: 163
2024-11-24T09:10:39.845Z - [LOG] Packet Length: 1752 Checksum Length: 8
2024-11-24T09:10:39.847Z - [LOG] <11:10:39>: <ERROR> Decryption error: Checksum mismatch f7c9691d53bc95e0 != 37f9e70015565e46
2024-11-24T09:10:40.467Z - [LOG] Header  254
2024-11-24T09:10:40.537Z - [LOG] Payload:  Buffer(1687) [Uint8Array] [  254,  36, 126,   1, 220,  57,  15, 215, 171, 241,  122, 185, 245,  64,   8, 130, 160, 140, 247, 245,  197, 222,  36,  79, 171, 118,  99,  39, 159,   1,  161, 153, 226, 130, 229,  69, 240, 182,  59,  49,   13,  44, 158, 248,   5, 204, 107,  20,  93,  60,  ... 1637 more items]
2024-11-24T09:10:40.569Z - [LOG] Receive Counter: 164
2024-11-24T09:10:40.593Z - [LOG] Packet Length: 1678 Checksum Length: 8
2024-11-24T09:10:40.596Z - [LOG] <11:10:40>: <ERROR> Decryption error: Checksum mismatch 766b6136e3b6793f != ffba15e96b0ec053
2024-11-24T09:10:40.665Z - [LOG] Header  254
2024-11-24T09:10:40.676Z - [LOG] Payload:  Buffer(1572) [Uint8Array] [  254, 135, 244, 207,  55, 80, 173, 100, 191, 195,  253, 125,  28, 152, 226, 66, 125,  27, 122,  77,   47, 127,  43,  97, 175, 17,  36, 227, 138,  30,  130,  45, 170,  33, 101, 54, 226,   0,  75, 208,  132, 144, 172, 146,  72, 81, 191, 231,   3, 101,  ... 1522 more items]
2024-11-24T09:10:40.975Z - [LOG] Receive Counter: 165
2024-11-24T09:10:40.980Z - [LOG] Packet Length: 1563 Checksum Length: 8
2024-11-24T09:10:40.982Z - [LOG] <11:10:40>: <ERROR> Decryption error: Checksum mismatch 572acf1ffb34eadb != 14b1473d7fad4ec3
2024-11-24T09:10:41.818Z - [LOG] Header  254
2024-11-24T09:10:41.951Z - [LOG] Payload:  Buffer(1469) [Uint8Array] [  254, 185,  79,  76, 128, 192,  52,  16,  15, 140,   28, 115, 167, 205,  87,  65, 188,  76, 128,  13,   49, 145, 254,  35, 231, 135,  58, 167,   2, 215,  179, 101, 186, 145, 203, 139, 237, 118, 113, 126,   33, 111, 104, 125, 102, 213, 175, 154,  30, 236,  ... 1419 more items]
2024-11-24T09:10:42.265Z - [LOG] Receive Counter: 166
2024-11-24T09:10:42.318Z - [LOG] Packet Length: 1460 Checksum Length: 8
2024-11-24T09:10:42.323Z - [LOG] <11:10:42>: <ERROR> Decryption error: Checksum mismatch f51c7f2ee970c793 != ad09c557e2d0f638
2024-11-24T09:10:43.178Z - [LOG] Header  254
2024-11-24T09:10:43.197Z - [LOG] Payload:  Buffer(1761) [Uint8Array] [  254, 192, 33,  39,  32,  35,  67,  44, 233,  16,   11, 174, 76, 102, 203,   5, 248,  29, 219, 101,  168,  11, 78, 214, 145, 172, 125, 213, 254, 132,  124,  37, 94, 241, 207, 253,  10, 173, 110, 202,  187, 123, 16, 253, 130,  19,  16, 177, 228, 239,  ... 1711 more items]
2024-11-24T09:10:43.231Z - [LOG] Receive Counter: 167
2024-11-24T09:10:43.244Z - [LOG] Packet Length: 1752 Checksum Length: 8
2024-11-24T09:10:43.300Z - [LOG] <11:10:43>: <ERROR> Decryption error: Checksum mismatch 40657bfe2c76e614 != d89f3fa39bd55ba1
2024-11-24T09:10:43.993Z - [LOG] Header  254
2024-11-24T09:10:44.025Z - [LOG] Payload:  Buffer(1653) [Uint8Array] [  254,  87, 115, 224, 102, 240,  74,  55, 180, 139,   46, 243, 109, 159,  11, 150,  40,  69, 192, 123,   27, 218,  44,  26, 223,  83, 213, 223,  70,  43,  193, 125, 124, 153, 252, 190, 122, 143,   0,  86,  209,   2, 149, 253,   2, 112, 195,  96, 213, 175,  ... 1603 more items]
2024-11-24T09:10:44.056Z - [LOG] Receive Counter: 168
2024-11-24T09:10:44.065Z - [LOG] Packet Length: 1644 Checksum Length: 8
2024-11-24T09:10:44.067Z - [LOG] <11:10:44>: <ERROR> Decryption error: Checksum mismatch fe5131b8d0fe4b6e != 2907c1a7c68cfe69
2024-11-24T09:10:45.469Z - [LOG] Header  254
2024-11-24T09:10:45.492Z - [LOG] Payload:  Buffer(1469) [Uint8Array] [  254, 185,  79,  76, 128, 192,  52,  16,  15, 140,   28, 115, 167, 205,  87,  65, 188,  76, 128,  13,   49, 145, 254,  35, 231, 135,  58, 167,   2, 215,  179, 101, 186, 145, 203, 139, 237, 118, 113, 126,   33, 111, 104, 125, 102, 213, 175, 154,  30, 236,  ... 1419 more items]
2024-11-24T09:10:45.519Z - [LOG] Receive Counter: 169
2024-11-24T09:10:45.528Z - [LOG] Packet Length: 1460 Checksum Length: 8
2024-11-24T09:10:45.531Z - [LOG] <11:10:45>: <ERROR> Decryption error: Checksum mismatch e68df49c3972f4c5 != 77d9976af99e7605
2024-11-24T09:10:46.165Z - [LOG] Header  254
2024-11-24T09:10:46.170Z - [LOG] Payload:  Buffer(1653) [Uint8Array] [  254,  87, 115, 224, 102, 240,  74,  55, 180, 139,   46, 243, 109, 159,  11, 150,  40,  69, 192, 123,   27, 218,  44,  26, 223,  83, 213, 223,  70,  43,  193, 125, 124, 153, 252, 190, 122, 143,   0,  86,  209,   2, 149, 253,   2, 112, 195,  96, 213, 175,  ... 1603 more items]
2024-11-24T09:10:46.182Z - [LOG] Receive Counter: 170
2024-11-24T09:10:46.188Z - [LOG] Packet Length: 1644 Checksum Length: 8
2024-11-24T09:10:46.198Z - [LOG] <11:10:46>: <ERROR> Decryption error: Checksum mismatch 968486a86fafe264 != 0ee908836a0c5da9
2024-11-24T09:10:46.297Z - [LOG] Header  254
2024-11-24T09:10:46.305Z - [LOG] Payload:  Buffer(1946) [Uint8Array] [  254, 175, 223,  53, 228,  14, 118, 185,  83, 115,  140,  81,  74, 243,  36, 220,  26,  39, 232, 242,  201, 129, 178, 150, 192,   0,  54,  56, 164, 175,  240, 244, 242, 251, 178, 219,  57, 183, 166,  23,  214, 253,  76, 253, 161, 161, 186,  25,  90, 185,  ... 1896 more items]
2024-11-24T09:10:46.323Z - [LOG] Receive Counter: 171
2024-11-24T09:10:46.334Z - [LOG] Packet Length: 1937 Checksum Length: 8
2024-11-24T09:10:46.378Z - [LOG] <11:10:46>: <ERROR> Decryption error: Checksum mismatch aeb6f1667f497d2a != eec36fe99a25999b
2024-11-24T09:10:46.527Z - [LOG] Header  254
2024-11-24T09:10:46.534Z - [LOG] Payload:  Buffer(1584) [Uint8Array] [  254,  43, 219, 219,  75, 145,  30, 104, 142,  224, 150,  30, 150,  92,  83, 231, 238, 202,  143,  56, 215, 147,  60, 102, 166,  26, 208,   84, 233,  13, 140,  51, 163, 224, 238, 254,  200, 214, 145, 209, 108,  93,  20, 219, 135,  245, 202, 231, 111, 180,  ... 1534 more items]
2024-11-24T09:10:46.549Z - [LOG] Receive Counter: 172
2024-11-24T09:10:46.553Z - [LOG] Packet Length: 1575 Checksum Length: 8
2024-11-24T09:10:46.556Z - [LOG] <11:10:46>: <ERROR> Decryption error: Checksum mismatch 60583c34a9ba558e != 8aa53f8ca71f5545
2024-11-24T09:10:48.613Z - [LOG] Header  254
2024-11-24T09:10:48.620Z - [LOG] Payload:  Buffer(1469) [Uint8Array] [  254, 185,  79,  76, 128, 192,  52,  16,  15, 140,   28, 115, 167, 205,  87,  65, 188,  76, 128,  13,   49, 145, 254,  35, 231, 135,  58, 167,   2, 215,  179, 101, 186, 145, 203, 139, 237, 118, 113, 126,   33, 111, 104, 125, 102, 213, 175, 154,  30, 236,  ... 1419 more items]
2024-11-24T09:10:48.768Z - [LOG] Receive Counter: 173
2024-11-24T09:10:48.795Z - [LOG] Packet Length: 1460 Checksum Length: 8
2024-11-24T09:10:49.069Z - [LOG] <11:10:49>: <ERROR> Decryption error: Checksum mismatch 829ad50fc080723d != ed549db2978336a9
2024-11-24T09:10:49.283Z - [LOG] Header  254
2024-11-24T09:10:49.331Z - [LOG] Payload:  Buffer(1679) [Uint8Array] [  254, 150, 196, 135,  61,  86,  28, 204,  39,  118, 148, 220,  54, 197, 254, 190, 135, 188,  231, 218, 233, 208,  46, 250, 158, 201, 194,  209, 218, 193,  25, 101, 126, 193, 159,   6,  106, 245,  87,  36, 143, 243, 200, 250, 226,  120,  56, 246, 131,  45,  ... 1629 more items]
2024-11-24T09:10:49.417Z - [LOG] Receive Counter: 174
2024-11-24T09:10:49.421Z - [LOG] Packet Length: 1670 Checksum Length: 8
2024-11-24T09:10:49.432Z - [LOG] <11:10:49>: <ERROR> Decryption error: Checksum mismatch f795707fb81f893c != 1c642c77abf114c7
2024-11-24T09:10:49.986Z - [LOG] Header  254
2024-11-24T09:10:49.998Z - [LOG] Payload:  Buffer(1653) [Uint8Array] [  254,  87, 115, 224, 102, 240,  74,  55, 180, 139,   46, 243, 109, 159,  11, 150,  40,  69, 192, 123,   27, 218,  44,  26, 223,  83, 213, 223,  70,  43,  193, 125, 124, 153, 252, 190, 122, 143,   0,  86,  209,   2, 149, 253,   2, 112, 195,  96, 213, 175,  ... 1603 more items]
2024-11-24T09:10:50.020Z - [LOG] Receive Counter: 175
2024-11-24T09:10:50.052Z - [LOG] Packet Length: 1644 Checksum Length: 8
2024-11-24T09:10:50.055Z - [LOG] <11:10:50>: <ERROR> Decryption error: Checksum mismatch f2fe5bb75e421a81 != b5d0fc7c86acceac
2024-11-24T09:10:50.153Z - [LOG] Header  254
2024-11-24T09:10:50.238Z - [LOG] Payload:  Buffer(1946) [Uint8Array] [  254, 175, 223,  53, 228,  14, 118, 185,  83, 115,  140,  81,  74, 243,  36, 220,  26,  39, 232, 242,  201, 129, 178, 150, 192,   0,  54,  56, 164, 175,  240, 244, 242, 251, 178, 219,  57, 183, 166,  23,  214, 253,  76, 253, 161, 161, 186,  25,  90, 185,  ... 1896 more items]
2024-11-24T09:10:50.332Z - [LOG] Receive Counter: 176
2024-11-24T09:10:50.338Z - [LOG] Packet Length: 1937 Checksum Length: 8
2024-11-24T09:10:50.353Z - [LOG] <11:10:50>: <ERROR> Decryption error: Checksum mismatch b5c5479f8cceb6f5 != ca10872a8503f9eb
2024-11-24T09:10:50.489Z - [LOG] Header  254
2024-11-24T09:10:50.503Z - [LOG] Payload:  Buffer(1584) [Uint8Array] [  254,  43, 219, 219,  75, 145,  30, 104, 142,  224, 150,  30, 150,  92,  83, 231, 238, 202,  143,  56, 215, 147,  60, 102, 166,  26, 208,   84, 233,  13, 140,  51, 163, 224, 238, 254,  200, 214, 145, 209, 108,  93,  20, 219, 135,  245, 202, 231, 111, 180,  ... 1534 more items]
2024-11-24T09:10:50.526Z - [LOG] Receive Counter: 177
2024-11-24T09:10:50.534Z - [LOG] Packet Length: 1575 Checksum Length: 8
2024-11-24T09:10:50.537Z - [LOG] <11:10:50>: <ERROR> Decryption error: Checksum mismatch a9814816c7bb2ca7 != 79fdb2cbc8f1c964
2024-11-24T09:10:51.701Z - [LOG] Header  254
2024-11-24T09:10:51.713Z - [LOG] Payload:  Buffer(1469) [Uint8Array] [  254, 185,  79,  76, 128, 192,  52,  16,  15, 140,   28, 115, 167, 205,  87,  65, 188,  76, 128,  13,   49, 145, 254,  35, 231, 135,  58, 167,   2, 215,  179, 101, 186, 145, 203, 139, 237, 118, 113, 126,   33, 111, 104, 125, 102, 213, 175, 154,  30, 236,  ... 1419 more items]
2024-11-24T09:10:51.734Z - [LOG] Receive Counter: 178
2024-11-24T09:10:51.739Z - [LOG] Packet Length: 1460 Checksum Length: 8
2024-11-24T09:10:51.749Z - [LOG] <11:10:51>: <ERROR> Decryption error: Checksum mismatch 898dbf36a5879332 != 0e00f05d890f9f69
2024-11-24T09:10:51.831Z - [LOG] Header  254
2024-11-24T09:10:51.839Z - [LOG] Payload:  Buffer(1679) [Uint8Array] [  254, 150, 196, 135,  61,  86,  28, 204,  39,  118, 148, 220,  54, 197, 254, 190, 135, 188,  231, 218, 233, 208,  46, 250, 158, 201, 194,  209, 218, 193,  25, 101, 126, 193, 159,   6,  106, 245,  87,  36, 143, 243, 200, 250, 226,  120,  56, 246, 131,  45,  ... 1629 more items]
2024-11-24T09:10:51.856Z - [LOG] Receive Counter: 179
2024-11-24T09:10:51.864Z - [LOG] Packet Length: 1670 Checksum Length: 8
2024-11-24T09:10:51.865Z - [LOG] <11:10:51>: <ERROR> Decryption error: Checksum mismatch bd52dfa2bd2a48a9 != e87111bacd4241d7
2024-11-24T09:10:51.960Z - [LOG] Header  254
2024-11-24T09:10:51.968Z - [LOG] Payload:  Buffer(1618) [Uint8Array] [  254,  40, 156,  18,  50, 234, 230,  46,  41,  52,   51, 229, 232, 131, 147,  36, 163,  45,  79,   1,  128,  73, 103, 234, 160,  99, 152, 132, 176,  54,    6, 232, 162, 191, 192, 208, 172, 219, 181, 238,  152,  51, 191,  47, 139,  55, 191, 203, 102, 128,  ... 1568 more items]
2024-11-24T09:10:51.983Z - [LOG] Receive Counter: 180
2024-11-24T09:10:51.986Z - [LOG] Packet Length: 1609 Checksum Length: 8
2024-11-24T09:10:51.987Z - [LOG] <11:10:51>: <ERROR> Decryption error: Checksum mismatch c78aa116ca52ba21 != 0fe823b0ea639092
2024-11-24T09:10:52.551Z - [LOG] Header  254
2024-11-24T09:10:52.582Z - [LOG] Payload:  Buffer(1653) [Uint8Array] [  254,  87, 115, 224, 102, 240,  74,  55, 180, 139,   46, 243, 109, 159,  11, 150,  40,  69, 192, 123,   27, 218,  44,  26, 223,  83, 213, 223,  70,  43,  193, 125, 124, 153, 252, 190, 122, 143,   0,  86,  209,   2, 149, 253,   2, 112, 195,  96, 213, 175,  ... 1603 more items]
2024-11-24T09:10:52.686Z - [LOG] Receive Counter: 181
2024-11-24T09:10:52.735Z - [LOG] Packet Length: 1644 Checksum Length: 8
2024-11-24T09:10:52.752Z - [LOG] <11:10:52>: <ERROR> Decryption error: Checksum mismatch 4c25dc242507aaeb != ef527425317c9218
2024-11-24T09:10:54.584Z - [LOG] Header  254
2024-11-24T09:10:54.601Z - [LOG] Payload:  Buffer(1469) [Uint8Array] [  254, 185,  79,  76, 128, 192,  52,  16,  15, 140,   28, 115, 167, 205,  87,  65, 188,  76, 128,  13,   49, 145, 254,  35, 231, 135,  58, 167,   2, 215,  179, 101, 186, 145, 203, 139, 237, 118, 113, 126,   33, 111, 104, 125, 102, 213, 175, 154,  30, 236,  ... 1419 more items]
2024-11-24T09:10:54.709Z - [LOG] Receive Counter: 182
2024-11-24T09:10:54.718Z - [LOG] Packet Length: 1460 Checksum Length: 8
2024-11-24T09:10:54.723Z - [LOG] <11:10:54>: <ERROR> Decryption error: Checksum mismatch 08fcd58a410ed79f != 8d3be006e4d27705
2024-11-24T09:10:55.053Z - [LOG] Header  254
2024-11-24T09:10:55.071Z - [LOG] Payload:  Buffer(1653) [Uint8Array] [  254,  87, 115, 224, 102, 240,  74,  55, 180, 139,   46, 243, 109, 159,  11, 150,  40,  69, 192, 123,   27, 218,  44,  26, 223,  83, 213, 223,  70,  43,  193, 125, 124, 153, 252, 190, 122, 143,   0,  86,  209,   2, 149, 253,   2, 112, 195,  96, 213, 175,  ... 1603 more items]
2024-11-24T09:10:55.131Z - [LOG] Receive Counter: 183
2024-11-24T09:10:55.151Z - [LOG] Packet Length: 1644 Checksum Length: 8
2024-11-24T09:10:55.203Z - [LOG] <11:10:55>: <ERROR> Decryption error: Checksum mismatch edd60dfa98e82c72 != dac8415177b7c408
2024-11-24T09:10:55.865Z - [LOG] Header  254
2024-11-24T09:10:55.871Z - [LOG] Payload:  Buffer(1680) [Uint8Array] [  254,  95,  87, 251, 207,  27, 114,  99,   0, 123,  184, 117, 136,  98, 173, 197, 139, 127,  40, 206,   14, 126,  42, 153,   5, 127,  25,  19, 231, 230,   57, 166, 246,  85,  61, 171, 118, 121,  95, 104,  189,  94, 251, 207, 214, 196,   1, 183, 254, 232,  ... 1630 more items]
2024-11-24T09:10:55.884Z - [LOG] Receive Counter: 184
2024-11-24T09:10:55.929Z - [LOG] Packet Length: 1671 Checksum Length: 8
2024-11-24T09:10:55.935Z - [LOG] <11:10:55>: <ERROR> Decryption error: Checksum mismatch 1c5b3468ae758efe != f5c221164486ea31
2024-11-24T09:10:56.128Z - [LOG] Header  254
2024-11-24T09:10:56.134Z - [LOG] Payload:  Buffer(1687) [Uint8Array] [  254,  36, 126,   1, 220,  57,  15, 215, 171, 241,  122, 185, 245,  64,   8, 130, 160, 140, 247, 245,  197, 222,  36,  79, 171, 118,  99,  39, 159,   1,  161, 153, 226, 130, 229,  69, 240, 182,  59,  49,   13,  44, 158, 248,   5, 204, 107,  20,  93,  60,  ... 1637 more items]
2024-11-24T09:10:56.161Z - [LOG] Receive Counter: 185
2024-11-24T09:10:56.167Z - [LOG] Packet Length: 1678 Checksum Length: 8
2024-11-24T09:10:56.168Z - [LOG] <11:10:56>: <ERROR> Decryption error: Checksum mismatch b8b1732a282c37b2 != 5bf31d42cedc5593
2024-11-24T09:10:56.748Z - [LOG] Header  254
2024-11-24T09:10:56.760Z - [LOG] Payload:  Buffer(1469) [Uint8Array] [  254, 185,  79,  76, 128, 192,  52,  16,  15, 140,   28, 115, 167, 205,  87,  65, 188,  76, 128,  13,   49, 145, 254,  35, 231, 135,  58, 167,   2, 215,  179, 101, 186, 145, 203, 139, 237, 118, 113, 126,   33, 111, 104, 125, 102, 213, 175, 154,  30, 236,  ... 1419 more items]
2024-11-24T09:10:56.772Z - [LOG] Receive Counter: 186
2024-11-24T09:10:56.780Z - [LOG] Packet Length: 1460 Checksum Length: 8
2024-11-24T09:10:56.782Z - [LOG] <11:10:56>: <ERROR> Decryption error: Checksum mismatch 79f9af9b72fab8de != 9439cb7b98924e54
2024-11-24T09:10:56.864Z - [LOG] Header  254
2024-11-24T09:10:56.870Z - [LOG] Payload:  Buffer(1679) [Uint8Array] [  254, 150, 196, 135,  61,  86,  28, 204,  39,  118, 148, 220,  54, 197, 254, 190, 135, 188,  231, 218, 233, 208,  46, 250, 158, 201, 194,  209, 218, 193,  25, 101, 126, 193, 159,   6,  106, 245,  87,  36, 143, 243, 200, 250, 226,  120,  56, 246, 131,  45,  ... 1629 more items]
2024-11-24T09:10:56.886Z - [LOG] Receive Counter: 187
2024-11-24T09:10:56.892Z - [LOG] Packet Length: 1670 Checksum Length: 8
2024-11-24T09:10:56.894Z - [LOG] <11:10:56>: <ERROR> Decryption error: Checksum mismatch 016d620975328bdc != 51023e58c6dae86b
2024-11-24T09:10:56.985Z - [LOG] Header  254
2024-11-24T09:10:56.993Z - [LOG] Payload:  Buffer(1618) [Uint8Array] [  254,  40, 156,  18,  50, 234, 230,  46,  41,  52,   51, 229, 232, 131, 147,  36, 163,  45,  79,   1,  128,  73, 103, 234, 160,  99, 152, 132, 176,  54,    6, 232, 162, 191, 192, 208, 172, 219, 181, 238,  152,  51, 191,  47, 139,  55, 191, 203, 102, 128,  ... 1568 more items]
2024-11-24T09:10:57.005Z - [LOG] Receive Counter: 188
2024-11-24T09:10:57.012Z - [LOG] Packet Length: 1609 Checksum Length: 8
2024-11-24T09:10:57.016Z - [LOG] <11:10:57>: <ERROR> Decryption error: Checksum mismatch f0b9e33d980e7d67 != 8ec177969a75f223
2024-11-24T09:10:57.495Z - [LOG] Header  254
2024-11-24T09:10:57.502Z - [LOG] Payload:  Buffer(1653) [Uint8Array] [  254,  87, 115, 224, 102, 240,  74,  55, 180, 139,   46, 243, 109, 159,  11, 150,  40,  69, 192, 123,   27, 218,  44,  26, 223,  83, 213, 223,  70,  43,  193, 125, 124, 153, 252, 190, 122, 143,   0,  86,  209,   2, 149, 253,   2, 112, 195,  96, 213, 175,  ... 1603 more items]
2024-11-24T09:10:57.527Z - [LOG] Receive Counter: 189
2024-11-24T09:10:57.534Z - [LOG] Packet Length: 1644 Checksum Length: 8
2024-11-24T09:10:57.542Z - [LOG] <11:10:57>: <ERROR> Decryption error: Checksum mismatch b71652f1a7911633 != 48225d7e00eea1c3
2024-11-24T09:10:57.638Z - [LOG] Header  254
2024-11-24T09:10:57.659Z - [LOG] Payload:  Buffer(1946) [Uint8Array] [  254, 175, 223,  53, 228,  14, 118, 185,  83, 115,  140,  81,  74, 243,  36, 220,  26,  39, 232, 242,  201, 129, 178, 150, 192,   0,  54,  56, 164, 175,  240, 244, 242, 251, 178, 219,  57, 183, 166,  23,  214, 253,  76, 253, 161, 161, 186,  25,  90, 185,  ... 1896 more items]
2024-11-24T09:10:57.697Z - [LOG] Receive Counter: 190
2024-11-24T09:10:57.702Z - [LOG] Packet Length: 1937 Checksum Length: 8
2024-11-24T09:10:57.714Z - [LOG] <11:10:57>: <ERROR> Decryption error: Checksum mismatch e98157c65e63daeb != d7e7fe7fd46042ab
2024-11-24T09:10:58.446Z - [LOG] Header  254
2024-11-24T09:10:58.477Z - [LOG] Payload:  Buffer(1687) [Uint8Array] [  254,  36, 126,   1, 220,  57,  15, 215, 171, 241,  122, 185, 245,  64,   8, 130, 160, 140, 247, 245,  197, 222,  36,  79, 171, 118,  99,  39, 159,   1,  161, 153, 226, 130, 229,  69, 240, 182,  59,  49,   13,  44, 158, 248,   5, 204, 107,  20,  93,  60,  ... 1637 more items]
2024-11-24T09:10:58.503Z - [LOG] Receive Counter: 191
2024-11-24T09:10:58.509Z - [LOG] Packet Length: 1678 Checksum Length: 8
2024-11-24T09:10:58.512Z - [LOG] <11:10:58>: <ERROR> Decryption error: Checksum mismatch 65487c7fb5ad65c9 != de46222c3d6aa462
2024-11-24T09:10:59.708Z - [LOG] Header  254
2024-11-24T09:10:59.713Z - [LOG] Payload:  Buffer(1469) [Uint8Array] [  254, 185,  79,  76, 128, 192,  52,  16,  15, 140,   28, 115, 167, 205,  87,  65, 188,  76, 128,  13,   49, 145, 254,  35, 231, 135,  58, 167,   2, 215,  179, 101, 186, 145, 203, 139, 237, 118, 113, 126,   33, 111, 104, 125, 102, 213, 175, 154,  30, 236,  ... 1419 more items]
2024-11-24T09:10:59.727Z - [LOG] Receive Counter: 192
2024-11-24T09:10:59.731Z - [LOG] Packet Length: 1460 Checksum Length: 8
2024-11-24T09:10:59.737Z - [LOG] <11:10:59>: <ERROR> Decryption error: Checksum mismatch fe9c452fa80ffa10 != c818fef41529615e
2024-11-24T09:10:59.832Z - [LOG] Header  254
2024-11-24T09:10:59.838Z - [LOG] Payload:  Buffer(1679) [Uint8Array] [  254, 150, 196, 135,  61,  86,  28, 204,  39,  118, 148, 220,  54, 197, 254, 190, 135, 188,  231, 218, 233, 208,  46, 250, 158, 201, 194,  209, 218, 193,  25, 101, 126, 193, 159,   6,  106, 245,  87,  36, 143, 243, 200, 250, 226,  120,  56, 246, 131,  45,  ... 1629 more items]
2024-11-24T09:10:59.853Z - [LOG] Receive Counter: 193
2024-11-24T09:10:59.858Z - [LOG] Packet Length: 1670 Checksum Length: 8
2024-11-24T09:10:59.862Z - [LOG] <11:10:59>: <ERROR> Decryption error: Checksum mismatch f0c91082cd1fe553 != fcdfa5dd62438343
2024-11-24T09:11:00.326Z - [LOG] Header  254
2024-11-24T09:11:00.331Z - [LOG] Payload:  Buffer(1653) [Uint8Array] [  254,  87, 115, 224, 102, 240,  74,  55, 180, 139,   46, 243, 109, 159,  11, 150,  40,  69, 192, 123,   27, 218,  44,  26, 223,  83, 213, 223,  70,  43,  193, 125, 124, 153, 252, 190, 122, 143,   0,  86,  209,   2, 149, 253,   2, 112, 195,  96, 213, 175,  ... 1603 more items]
2024-11-24T09:11:00.338Z - [LOG] Receive Counter: 194
2024-11-24T09:11:00.351Z - [LOG] Packet Length: 1644 Checksum Length: 8
2024-11-24T09:11:00.353Z - [LOG] <11:11:0>: <ERROR> Decryption error: Checksum mismatch 0b6126726ad826a3 != 45a248ccab47f64a
2024-11-24T09:11:00.454Z - [LOG] Header  254
2024-11-24T09:11:00.472Z - [LOG] Payload:  Buffer(1946) [Uint8Array] [  254, 175, 223,  53, 228,  14, 118, 185,  83, 115,  140,  81,  74, 243,  36, 220,  26,  39, 232, 242,  201, 129, 178, 150, 192,   0,  54,  56, 164, 175,  240, 244, 242, 251, 178, 219,  57, 183, 166,  23,  214, 253,  76, 253, 161, 161, 186,  25,  90, 185,  ... 1896 more items]
2024-11-24T09:11:00.485Z - [LOG] Receive Counter: 195
2024-11-24T09:11:00.498Z - [LOG] Packet Length: 1937 Checksum Length: 8
2024-11-24T09:11:00.503Z - [LOG] <11:11:0>: <ERROR> Decryption error: Checksum mismatch 5ba669839563319c != 8170e909b53ee195
2024-11-24T09:11:01.648Z - [LOG] Header  254
2024-11-24T09:11:01.735Z - [LOG] Payload:  Buffer(1702) [Uint8Array] [  254, 104,   1,  49, 121,  39, 200,  96, 154, 221,   75,  66,   2,  34, 168, 223, 190, 111, 148, 209,  184,  84, 159, 116,  99,   1,  72,   8, 161, 106,  156, 233, 119, 211,   7, 213, 185,  99, 120, 224,   12,  82,  78,  77, 220, 114, 161,  59, 218, 186,  ... 1652 more items]
2024-11-24T09:11:01.821Z - [LOG] Receive Counter: 196
2024-11-24T09:11:01.864Z - [LOG] Packet Length: 1693 Checksum Length: 8
2024-11-24T09:11:01.866Z - [LOG] <11:11:1>: <ERROR> Decryption error: Checksum mismatch a2c8605f67083b9e != 7351608838c706af
2024-11-24T09:11:02.966Z - [LOG] Header  254
2024-11-24T09:11:02.982Z - [LOG] Payload:  Buffer(1653) [Uint8Array] [  254,  87, 115, 224, 102, 240,  74,  55, 180, 139,   46, 243, 109, 159,  11, 150,  40,  69, 192, 123,   27, 218,  44,  26, 223,  83, 213, 223,  70,  43,  193, 125, 124, 153, 252, 190, 122, 143,   0,  86,  209,   2, 149, 253,   2, 112, 195,  96, 213, 175,  ... 1603 more items]
2024-11-24T09:11:03.020Z - [LOG] Receive Counter: 197
2024-11-24T09:11:03.029Z - [LOG] Packet Length: 1644 Checksum Length: 8
2024-11-24T09:11:03.034Z - [LOG] <11:11:3>: <ERROR> Decryption error: Checksum mismatch 33443df509113eeb != 6ca01708f994d5b9
2024-11-24T09:11:04.763Z - [LOG] Header  254
2024-11-24T09:11:04.765Z - [LOG] Payload:  Buffer(1453) [Uint8Array] [  254, 241, 109, 219, 238, 239, 190, 203, 210, 210,   38, 186,  48,  15, 126, 182, 167,  83,  13,  85,   16,  94,  91,  39, 136, 248, 191, 137,  99,  86,  161, 165, 224, 173, 146, 181, 196,  66, 107,  36,  230,  35, 136,  77,  84,  58,  36,  82,  76, 247,  ... 1403 more items]
2024-11-24T09:11:04.769Z - [LOG] Receive Counter: 198
2024-11-24T09:11:04.770Z - [LOG] Packet Length: 1444 Checksum Length: 8
2024-11-24T09:11:04.771Z - [LOG] <11:11:4>: <ERROR> Decryption error: Checksum mismatch 45d9cbc9e3fd0d90 != fe0b53aad8d9f062
2024-11-24T09:11:05.133Z - [LOG] Header  254
2024-11-24T09:11:05.136Z - [LOG] Payload:  Buffer(1653) [Uint8Array] [  254,  87, 115, 224, 102, 240,  74,  55, 180, 139,   46, 243, 109, 159,  11, 150,  40,  69, 192, 123,   27, 218,  44,  26, 223,  83, 213, 223,  70,  43,  193, 125, 124, 153, 252, 190, 122, 143,   0,  86,  209,   2, 149, 253,   2, 112, 195,  96, 213, 175,  ... 1603 more items]
2024-11-24T09:11:05.141Z - [LOG] Receive Counter: 199
2024-11-24T09:11:05.143Z - [LOG] Packet Length: 1644 Checksum Length: 8
2024-11-24T09:11:05.143Z - [LOG] <11:11:5>: <ERROR> Decryption error: Checksum mismatch 7c7e59eeed899cfe != 3227c6894bd9f743
2024-11-24T09:11:06.210Z - [LOG] Header  254
2024-11-24T09:11:06.215Z - [LOG] Payload:  Buffer(1453) [Uint8Array] [  254, 241, 109, 219, 238, 239, 190, 203, 210, 210,   38, 186,  48,  15, 126, 182, 167,  83,  13,  85,   16,  94,  91,  39, 136, 248, 191, 137,  99,  86,  161, 165, 224, 173, 146, 181, 196,  66, 107,  36,  230,  35, 136,  77,  84,  58,  36,  82,  76, 247,  ... 1403 more items]
2024-11-24T09:11:06.231Z - [LOG] Receive Counter: 200
2024-11-24T09:11:06.238Z - [LOG] Packet Length: 1444 Checksum Length: 8
2024-11-24T09:11:06.244Z - [LOG] <11:11:6>: <ERROR> Decryption error: Checksum mismatch eddc03a7cc691bd1 != 8e1f6e221361a140
2024-11-24T09:11:06.712Z - [LOG] Header  254
2024-11-24T09:11:06.716Z - [LOG] Payload:  Buffer(1653) [Uint8Array] [  254,  87, 115, 224, 102, 240,  74,  55, 180, 139,   46, 243, 109, 159,  11, 150,  40,  69, 192, 123,   27, 218,  44,  26, 223,  83, 213, 223,  70,  43,  193, 125, 124, 153, 252, 190, 122, 143,   0,  86,  209,   2, 149, 253,   2, 112, 195,  96, 213, 175,  ... 1603 more items]
2024-11-24T09:11:06.732Z - [LOG] Receive Counter: 201
2024-11-24T09:11:06.741Z - [LOG] Packet Length: 1644 Checksum Length: 8
2024-11-24T09:11:06.744Z - [LOG] <11:11:6>: <ERROR> Decryption error: Checksum mismatch a4b7d5db9d3c28d7 != 388cc10f4e208be6
2024-11-24T09:11:06.826Z - [LOG] Header  254
2024-11-24T09:11:06.836Z - [LOG] Payload:  Buffer(1946) [Uint8Array] [  254, 175, 223,  53, 228,  14, 118, 185,  83, 115,  140,  81,  74, 243,  36, 220,  26,  39, 232, 242,  201, 129, 178, 150, 192,   0,  54,  56, 164, 175,  240, 244, 242, 251, 178, 219,  57, 183, 166,  23,  214, 253,  76, 253, 161, 161, 186,  25,  90, 185,  ... 1896 more items]
2024-11-24T09:11:06.853Z - [LOG] Receive Counter: 202
2024-11-24T09:11:06.860Z - [LOG] Packet Length: 1937 Checksum Length: 8
2024-11-24T09:11:06.862Z - [LOG] <11:11:6>: <ERROR> Decryption error: Checksum mismatch ee59a38de5956b4d != 791a0c51ef5e44fc
2024-11-24T09:11:07.599Z - [LOG] Header  254
2024-11-24T09:11:07.604Z - [LOG] Payload:  Buffer(1702) [Uint8Array] [  254, 104,   1,  49, 121,  39, 200,  96, 154, 221,   75,  66,   2,  34, 168, 223, 190, 111, 148, 209,  184,  84, 159, 116,  99,   1,  72,   8, 161, 106,  156, 233, 119, 211,   7, 213, 185,  99, 120, 224,   12,  82,  78,  77, 220, 114, 161,  59, 218, 186,  ... 1652 more items]
2024-11-24T09:11:07.618Z - [LOG] Receive Counter: 203
2024-11-24T09:11:07.624Z - [LOG] Packet Length: 1693 Checksum Length: 8
2024-11-24T09:11:07.627Z - [LOG] <11:11:7>: <ERROR> Decryption error: Checksum mismatch a1841fcfc970dfed != d705c571326ded16
2024-11-24T09:11:08.513Z - [LOG] Header  254
2024-11-24T09:11:08.525Z - [LOG] Payload:  Buffer(1653) [Uint8Array] [  254,  87, 115, 224, 102, 240,  74,  55, 180, 139,   46, 243, 109, 159,  11, 150,  40,  69, 192, 123,   27, 218,  44,  26, 223,  83, 213, 223,  70,  43,  193, 125, 124, 153, 252, 190, 122, 143,   0,  86,  209,   2, 149, 253,   2, 112, 195,  96, 213, 175,  ... 1603 more items]
2024-11-24T09:11:08.572Z - [LOG] Receive Counter: 204
2024-11-24T09:11:08.582Z - [LOG] Packet Length: 1644 Checksum Length: 8
2024-11-24T09:11:08.584Z - [LOG] <11:11:8>: <ERROR> Decryption error: Checksum mismatch 1aa2096fdf870b3a != 60a6100603b1646d
2024-11-24T09:11:08.961Z - [LOG] Header  254
2024-11-24T09:11:08.967Z - [LOG] Payload:  Buffer(1680) [Uint8Array] [  254,  95,  87, 251, 207,  27, 114,  99,   0, 123,  184, 117, 136,  98, 173, 197, 139, 127,  40, 206,   14, 126,  42, 153,   5, 127,  25,  19, 231, 230,   57, 166, 246,  85,  61, 171, 118, 121,  95, 104,  189,  94, 251, 207, 214, 196,   1, 183, 254, 232,  ... 1630 more items]
2024-11-24T09:11:08.985Z - [LOG] Receive Counter: 205
2024-11-24T09:11:08.989Z - [LOG] Packet Length: 1671 Checksum Length: 8
2024-11-24T09:11:08.994Z - [LOG] <11:11:8>: <ERROR> Decryption error: Checksum mismatch d811b3400c38c81b != f32c4f8a0c97d825
2024-11-24T09:11:09.520Z - [LOG] Header  254
2024-11-24T09:11:09.527Z - [LOG] Payload:  Buffer(1702) [Uint8Array] [  254, 104,   1,  49, 121,  39, 200,  96, 154, 221,   75,  66,   2,  34, 168, 223, 190, 111, 148, 209,  184,  84, 159, 116,  99,   1,  72,   8, 161, 106,  156, 233, 119, 211,   7, 213, 185,  99, 120, 224,   12,  82,  78,  77, 220, 114, 161,  59, 218, 186,  ... 1652 more items]
2024-11-24T09:11:09.535Z - [LOG] Receive Counter: 206
2024-11-24T09:11:09.542Z - [LOG] Packet Length: 1693 Checksum Length: 8
2024-11-24T09:11:09.544Z - [LOG] <11:11:9>: <ERROR> Decryption error: Checksum mismatch f711b972c098d528 != 7a4385224c739046
2024-11-24T09:11:10.158Z - [LOG] Header  254
2024-11-24T09:11:10.168Z - [LOG] Payload:  Buffer(1469) [Uint8Array] [  254, 185,  79,  76, 128, 192,  52,  16,  15, 140,   28, 115, 167, 205,  87,  65, 188,  76, 128,  13,   49, 145, 254,  35, 231, 135,  58, 167,   2, 215,  179, 101, 186, 145, 203, 139, 237, 118, 113, 126,   33, 111, 104, 125, 102, 213, 175, 154,  30, 236,  ... 1419 more items]
2024-11-24T09:11:10.184Z - [LOG] Receive Counter: 207
2024-11-24T09:11:10.187Z - [LOG] Packet Length: 1460 Checksum Length: 8
2024-11-24T09:11:10.189Z - [LOG] <11:11:10>: <ERROR> Decryption error: Checksum mismatch 742d2c2884e2c736 != 00aa16a85d3a1d63
2024-11-24T09:11:11.229Z - [LOG] Header  254
2024-11-24T09:11:11.235Z - [LOG] Payload:  Buffer(1453) [Uint8Array] [  254, 241, 109, 219, 238, 239, 190, 203, 210, 210,   38, 186,  48,  15, 126, 182, 167,  83,  13,  85,   16,  94,  91,  39, 136, 248, 191, 137,  99,  86,  161, 165, 224, 173, 146, 181, 196,  66, 107,  36,  230,  35, 136,  77,  84,  58,  36,  82,  76, 247,  ... 1403 more items]
2024-11-24T09:11:11.265Z - [LOG] Receive Counter: 208
2024-11-24T09:11:11.271Z - [LOG] Packet Length: 1444 Checksum Length: 8
2024-11-24T09:11:11.277Z - [LOG] <11:11:11>: <ERROR> Decryption error: Checksum mismatch af7887452291d52c != af096f2e99810e44
2024-11-24T09:11:11.893Z - [LOG] Header  254
2024-11-24T09:11:11.901Z - [LOG] Payload:  Buffer(1680) [Uint8Array] [  254,  95,  87, 251, 207,  27, 114,  99,   0, 123,  184, 117, 136,  98, 173, 197, 139, 127,  40, 206,   14, 126,  42, 153,   5, 127,  25,  19, 231, 230,   57, 166, 246,  85,  61, 171, 118, 121,  95, 104,  189,  94, 251, 207, 214, 196,   1, 183, 254, 232,  ... 1630 more items]
2024-11-24T09:11:11.915Z - [LOG] Receive Counter: 209
2024-11-24T09:11:11.920Z - [LOG] Packet Length: 1671 Checksum Length: 8
2024-11-24T09:11:11.922Z - [LOG] <11:11:11>: <ERROR> Decryption error: Checksum mismatch 3bf7b3422d709865 != edc4b4ea0cc00da4
2024-11-24T09:11:13.012Z - [LOG] Header  254
2024-11-24T09:11:13.021Z - [LOG] Payload:  Buffer(1653) [Uint8Array] [  254,  87, 115, 224, 102, 240,  74,  55, 180, 139,   46, 243, 109, 159,  11, 150,  40,  69, 192, 123,   27, 218,  44,  26, 223,  83, 213, 223,  70,  43,  193, 125, 124, 153, 252, 190, 122, 143,   0,  86,  209,   2, 149, 253,   2, 112, 195,  96, 213, 175,  ... 1603 more items]
2024-11-24T09:11:13.060Z - [LOG] Receive Counter: 210
2024-11-24T09:11:13.065Z - [LOG] Packet Length: 1644 Checksum Length: 8
2024-11-24T09:11:13.071Z - [LOG] <11:11:13>: <ERROR> Decryption error: Checksum mismatch 1ed135b995c6627e != b4852877bed1e043
2024-11-24T09:11:13.283Z - [LOG] Header  254
2024-11-24T09:11:13.293Z - [LOG] Payload:  Buffer(1946) [Uint8Array] [  254, 175, 223,  53, 228,  14, 118, 185,  83, 115,  140,  81,  74, 243,  36, 220,  26,  39, 232, 242,  201, 129, 178, 150, 192,   0,  54,  56, 164, 175,  240, 244, 242, 251, 178, 219,  57, 183, 166,  23,  214, 253,  76, 253, 161, 161, 186,  25,  90, 185,  ... 1896 more items]
2024-11-24T09:11:13.349Z - [LOG] Receive Counter: 211
2024-11-24T09:11:13.354Z - [LOG] Packet Length: 1937 Checksum Length: 8
2024-11-24T09:11:13.366Z - [LOG] <11:11:13>: <ERROR> Decryption error: Checksum mismatch e522aec378f216ce != ad178eb71d5ec724
2024-11-24T09:11:13.827Z - [LOG] Header  254
2024-11-24T09:11:13.833Z - [LOG] Payload:  Buffer(1680) [Uint8Array] [  254,  95,  87, 251, 207,  27, 114,  99,   0, 123,  184, 117, 136,  98, 173, 197, 139, 127,  40, 206,   14, 126,  42, 153,   5, 127,  25,  19, 231, 230,   57, 166, 246,  85,  61, 171, 118, 121,  95, 104,  189,  94, 251, 207, 214, 196,   1, 183, 254, 232,  ... 1630 more items]
2024-11-24T09:11:13.848Z - [LOG] Receive Counter: 212
2024-11-24T09:11:13.852Z - [LOG] Packet Length: 1671 Checksum Length: 8
2024-11-24T09:11:13.862Z - [LOG] <11:11:13>: <ERROR> Decryption error: Checksum mismatch 9da73181d756cd89 != 42afa6b57a0393a4
2024-11-24T09:11:14.329Z - [LOG] Header  254
2024-11-24T09:11:14.335Z - [LOG] Payload:  Buffer(1453) [Uint8Array] [  254, 241, 109, 219, 238, 239, 190, 203, 210, 210,   38, 186,  48,  15, 126, 182, 167,  83,  13,  85,   16,  94,  91,  39, 136, 248, 191, 137,  99,  86,  161, 165, 224, 173, 146, 181, 196,  66, 107,  36,  230,  35, 136,  77,  84,  58,  36,  82,  76, 247,  ... 1403 more items]
2024-11-24T09:11:14.353Z - [LOG] Receive Counter: 213
2024-11-24T09:11:14.360Z - [LOG] Packet Length: 1444 Checksum Length: 8
2024-11-24T09:11:14.366Z - [LOG] <11:11:14>: <ERROR> Decryption error: Checksum mismatch 27d12e5ede7ad927 != 399ac691e6593b69
2024-11-24T09:11:14.909Z - [LOG] Header  254
2024-11-24T09:11:14.913Z - [LOG] Payload:  Buffer(1653) [Uint8Array] [  254,  87, 115, 224, 102, 240,  74,  55, 180, 139,   46, 243, 109, 159,  11, 150,  40,  69, 192, 123,   27, 218,  44,  26, 223,  83, 213, 223,  70,  43,  193, 125, 124, 153, 252, 190, 122, 143,   0,  86,  209,   2, 149, 253,   2, 112, 195,  96, 213, 175,  ... 1603 more items]
2024-11-24T09:11:14.927Z - [LOG] Receive Counter: 214
2024-11-24T09:11:14.934Z - [LOG] Packet Length: 1644 Checksum Length: 8
2024-11-24T09:11:14.941Z - [LOG] <11:11:14>: <ERROR> Decryption error: Checksum mismatch 33798e4cf07d8bcd != 4b2b5dde6dafab09
2024-11-24T09:11:15.035Z - [LOG] Header  254
2024-11-24T09:11:15.043Z - [LOG] Payload:  Buffer(1946) [Uint8Array] [  254, 175, 223,  53, 228,  14, 118, 185,  83, 115,  140,  81,  74, 243,  36, 220,  26,  39, 232, 242,  201, 129, 178, 150, 192,   0,  54,  56, 164, 175,  240, 244, 242, 251, 178, 219,  57, 183, 166,  23,  214, 253,  76, 253, 161, 161, 186,  25,  90, 185,  ... 1896 more items]
2024-11-24T09:11:15.053Z - [LOG] Receive Counter: 215
2024-11-24T09:11:15.059Z - [LOG] Packet Length: 1937 Checksum Length: 8
2024-11-24T09:11:15.061Z - [LOG] <11:11:15>: <ERROR> Decryption error: Checksum mismatch 727022206a77be00 != 8e395c053587c81a
2024-11-24T09:11:15.474Z - [LOG] Header  254
2024-11-24T09:11:15.481Z - [LOG] Payload:  Buffer(1680) [Uint8Array] [  254,  95,  87, 251, 207,  27, 114,  99,   0, 123,  184, 117, 136,  98, 173, 197, 139, 127,  40, 206,   14, 126,  42, 153,   5, 127,  25,  19, 231, 230,   57, 166, 246,  85,  61, 171, 118, 121,  95, 104,  189,  94, 251, 207, 214, 196,   1, 183, 254, 232,  ... 1630 more items]
2024-11-24T09:11:15.501Z - [LOG] Receive Counter: 216
2024-11-24T09:11:15.504Z - [LOG] Packet Length: 1671 Checksum Length: 8
2024-11-24T09:11:15.508Z - [LOG] <11:11:15>: <ERROR> Decryption error: Checksum mismatch b611716a73dc29a3 != ef602a08ddec1b18
2024-11-24T09:11:16.182Z - [LOG] Header  254
2024-11-24T09:11:16.187Z - [LOG] Payload:  Buffer(1453) [Uint8Array] [  254, 241, 109, 219, 238, 239, 190, 203, 210, 210,   38, 186,  48,  15, 126, 182, 167,  83,  13,  85,   16,  94,  91,  39, 136, 248, 191, 137,  99,  86,  161, 165, 224, 173, 146, 181, 196,  66, 107,  36,  230,  35, 136,  77,  84,  58,  36,  82,  76, 247,  ... 1403 more items]
2024-11-24T09:11:16.207Z - [LOG] Receive Counter: 217
2024-11-24T09:11:16.210Z - [LOG] Packet Length: 1444 Checksum Length: 8
2024-11-24T09:11:16.212Z - [LOG] <11:11:16>: <ERROR> Decryption error: Checksum mismatch 72a2d67c71d92773 != 0c919ddc7cb8b995
2024-11-24T09:11:16.446Z - [LOG] Header  254
2024-11-24T09:11:16.454Z - [LOG] Payload:  Buffer(1691) [Uint8Array] [  254, 111, 139, 214, 180,  69,  22, 208, 135, 121,  222,  95,  10, 253,  75, 209,  97,  17, 221, 175,  135, 190, 129,  21,  60, 241, 135, 228, 196,  92,   78, 140, 182, 157, 170,  96,  67, 194,  40, 140,  137,   6, 226,   6, 112,  50, 244,  71, 143, 230,  ... 1641 more items]
2024-11-24T09:11:16.469Z - [LOG] Receive Counter: 218
2024-11-24T09:11:16.475Z - [LOG] Packet Length: 1682 Checksum Length: 8
2024-11-24T09:11:16.479Z - [LOG] <11:11:16>: <ERROR> Decryption error: Checksum mismatch 2b87f5d04a095abe != a1f8b9ee1db5a012
2024-11-24T09:11:16.813Z - [LOG] Header  254
2024-11-24T09:11:16.818Z - [LOG] Payload:  Buffer(1653) [Uint8Array] [  254,  87, 115, 224, 102, 240,  74,  55, 180, 139,   46, 243, 109, 159,  11, 150,  40,  69, 192, 123,   27, 218,  44,  26, 223,  83, 213, 223,  70,  43,  193, 125, 124, 153, 252, 190, 122, 143,   0,  86,  209,   2, 149, 253,   2, 112, 195,  96, 213, 175,  ... 1603 more items]
2024-11-24T09:11:16.834Z - [LOG] Receive Counter: 219
2024-11-24T09:11:16.838Z - [LOG] Packet Length: 1644 Checksum Length: 8
2024-11-24T09:11:16.844Z - [LOG] <11:11:16>: <ERROR> Decryption error: Checksum mismatch b777f182d3c23aeb != b07cab3bb95477a6
2024-11-24T09:11:16.937Z - [LOG] Header  254
2024-11-24T09:11:16.946Z - [LOG] Payload:  Buffer(1946) [Uint8Array] [  254, 175, 223,  53, 228,  14, 118, 185,  83, 115,  140,  81,  74, 243,  36, 220,  26,  39, 232, 242,  201, 129, 178, 150, 192,   0,  54,  56, 164, 175,  240, 244, 242, 251, 178, 219,  57, 183, 166,  23,  214, 253,  76, 253, 161, 161, 186,  25,  90, 185,  ... 1896 more items]
2024-11-24T09:11:16.962Z - [LOG] Receive Counter: 220
2024-11-24T09:11:16.976Z - [LOG] Packet Length: 1937 Checksum Length: 8
2024-11-24T09:11:16.978Z - [LOG] <11:11:16>: <ERROR> Decryption error: Checksum mismatch b0504b917a1bf3ef != 965ead0d09b4d8e2
2024-11-24T09:11:17.376Z - [LOG] Header  254
2024-11-24T09:11:17.383Z - [LOG] Payload:  Buffer(1680) [Uint8Array] [  254,  95,  87, 251, 207,  27, 114,  99,   0, 123,  184, 117, 136,  98, 173, 197, 139, 127,  40, 206,   14, 126,  42, 153,   5, 127,  25,  19, 231, 230,   57, 166, 246,  85,  61, 171, 118, 121,  95, 104,  189,  94, 251, 207, 214, 196,   1, 183, 254, 232,  ... 1630 more items]
2024-11-24T09:11:17.411Z - [LOG] Receive Counter: 221
2024-11-24T09:11:17.415Z - [LOG] Packet Length: 1671 Checksum Length: 8
2024-11-24T09:11:17.418Z - [LOG] <11:11:17>: <ERROR> Decryption error: Checksum mismatch 283e999152cbc125 != e3f4fc7a68d6f921
2024-11-24T09:11:18.258Z - [LOG] Header  254
2024-11-24T09:11:18.265Z - [LOG] Payload:  Buffer(1453) [Uint8Array] [  254, 241, 109, 219, 238, 239, 190, 203, 210, 210,   38, 186,  48,  15, 126, 182, 167,  83,  13,  85,   16,  94,  91,  39, 136, 248, 191, 137,  99,  86,  161, 165, 224, 173, 146, 181, 196,  66, 107,  36,  230,  35, 136,  77,  84,  58,  36,  82,  76, 247,  ... 1403 more items]
2024-11-24T09:11:18.296Z - [LOG] Receive Counter: 222
2024-11-24T09:11:18.309Z - [LOG] Packet Length: 1444 Checksum Length: 8
2024-11-24T09:11:18.313Z - [LOG] <11:11:18>: <ERROR> Decryption error: Checksum mismatch 19fd17765748fa04 != 5955bf480cc96d1a
2024-11-24T09:11:18.800Z - [LOG] Header  254
2024-11-24T09:11:18.804Z - [LOG] Payload:  Buffer(1653) [Uint8Array] [  254,  87, 115, 224, 102, 240,  74,  55, 180, 139,   46, 243, 109, 159,  11, 150,  40,  69, 192, 123,   27, 218,  44,  26, 223,  83, 213, 223,  70,  43,  193, 125, 124, 153, 252, 190, 122, 143,   0,  86,  209,   2, 149, 253,   2, 112, 195,  96, 213, 175,  ... 1603 more items]
2024-11-24T09:11:18.824Z - [LOG] Receive Counter: 223
2024-11-24T09:11:18.827Z - [LOG] Packet Length: 1644 Checksum Length: 8
2024-11-24T09:11:18.831Z - [LOG] <11:11:18>: <ERROR> Decryption error: Checksum mismatch 2b391595e4188b96 != 75bdc92c345a6af4
2024-11-24T09:11:18.934Z - [LOG] Header  254
2024-11-24T09:11:18.944Z - [LOG] Payload:  Buffer(1946) [Uint8Array] [  254, 175, 223,  53, 228,  14, 118, 185,  83, 115,  140,  81,  74, 243,  36, 220,  26,  39, 232, 242,  201, 129, 178, 150, 192,   0,  54,  56, 164, 175,  240, 244, 242, 251, 178, 219,  57, 183, 166,  23,  214, 253,  76, 253, 161, 161, 186,  25,  90, 185,  ... 1896 more items]
2024-11-24T09:11:18.956Z - [LOG] Receive Counter: 224
2024-11-24T09:11:18.962Z - [LOG] Packet Length: 1937 Checksum Length: 8
2024-11-24T09:11:18.969Z - [LOG] <11:11:18>: <ERROR> Decryption error: Checksum mismatch 5f4f48972be875ac != c348f2a5cd1caffc
2024-11-24T09:11:19.682Z - [LOG] Header  254
2024-11-24T09:11:19.696Z - [LOG] Payload:  Buffer(1702) [Uint8Array] [  254, 104,   1,  49, 121,  39, 200,  96, 154, 221,   75,  66,   2,  34, 168, 223, 190, 111, 148, 209,  184,  84, 159, 116,  99,   1,  72,   8, 161, 106,  156, 233, 119, 211,   7, 213, 185,  99, 120, 224,   12,  82,  78,  77, 220, 114, 161,  59, 218, 186,  ... 1652 more items]
2024-11-24T09:11:19.709Z - [LOG] Receive Counter: 225
2024-11-24T09:11:19.713Z - [LOG] Packet Length: 1693 Checksum Length: 8
2024-11-24T09:11:19.715Z - [LOG] <11:11:19>: <ERROR> Decryption error: Checksum mismatch 957e08e18cd05e76 != 35210be130e88c02
2024-11-24T09:11:20.132Z - [LOG] Header  254
2024-11-24T09:11:20.138Z - [LOG] Payload:  Buffer(1453) [Uint8Array] [  254, 241, 109, 219, 238, 239, 190, 203, 210, 210,   38, 186,  48,  15, 126, 182, 167,  83,  13,  85,   16,  94,  91,  39, 136, 248, 191, 137,  99,  86,  161, 165, 224, 173, 146, 181, 196,  66, 107,  36,  230,  35, 136,  77,  84,  58,  36,  82,  76, 247,  ... 1403 more items]
2024-11-24T09:11:20.165Z - [LOG] Receive Counter: 226
2024-11-24T09:11:20.167Z - [LOG] Packet Length: 1444 Checksum Length: 8
2024-11-24T09:11:20.168Z - [LOG] <11:11:20>: <ERROR> Decryption error: Checksum mismatch dcf11f9d7767883a != 963ea9deb6deff4e
2024-11-24T09:11:20.418Z - [LOG] Header  254
2024-11-24T09:11:20.466Z - [LOG] Payload:  Buffer(1653) [Uint8Array] [  254,  87, 115, 224, 102, 240,  74,  55, 180, 139,   46, 243, 109, 159,  11, 150,  40,  69, 192, 123,   27, 218,  44,  26, 223,  83, 213, 223,  70,  43,  193, 125, 124, 153, 252, 190, 122, 143,   0,  86,  209,   2, 149, 253,   2, 112, 195,  96, 213, 175,  ... 1603 more items]
2024-11-24T09:11:20.531Z - [LOG] Receive Counter: 227
2024-11-24T09:11:20.542Z - [LOG] Packet Length: 1644 Checksum Length: 8
2024-11-24T09:11:20.563Z - [LOG] <11:11:20>: <ERROR> Decryption error: Checksum mismatch 29aa2ebaa14f05f6 != 2fd179328903090e
2024-11-24T09:11:21.282Z - [LOG] Header  254
2024-11-24T09:11:21.286Z - [LOG] Payload:  Buffer(1680) [Uint8Array] [  254,  95,  87, 251, 207,  27, 114,  99,   0, 123,  184, 117, 136,  98, 173, 197, 139, 127,  40, 206,   14, 126,  42, 153,   5, 127,  25,  19, 231, 230,   57, 166, 246,  85,  61, 171, 118, 121,  95, 104,  189,  94, 251, 207, 214, 196,   1, 183, 254, 232,  ... 1630 more items]
2024-11-24T09:11:21.295Z - [LOG] Receive Counter: 228
2024-11-24T09:11:21.298Z - [LOG] Packet Length: 1671 Checksum Length: 8
2024-11-24T09:11:21.300Z - [LOG] <11:11:21>: <ERROR> Decryption error: Checksum mismatch db075465c09ee2fc != 5682eaf91e062aa0
2024-11-24T09:11:22.521Z - [LOG] Header  254
2024-11-24T09:11:22.563Z - [LOG] Payload:  Buffer(1453) [Uint8Array] [  254, 241, 109, 219, 238, 239, 190, 203, 210, 210,   38, 186,  48,  15, 126, 182, 167,  83,  13,  85,   16,  94,  91,  39, 136, 248, 191, 137,  99,  86,  161, 165, 224, 173, 146, 181, 196,  66, 107,  36,  230,  35, 136,  77,  84,  58,  36,  82,  76, 247,  ... 1403 more items]
2024-11-24T09:11:22.751Z - [LOG] Receive Counter: 229
2024-11-24T09:11:22.763Z - [LOG] Packet Length: 1444 Checksum Length: 8
2024-11-24T09:11:22.765Z - [LOG] <11:11:22>: <ERROR> Decryption error: Checksum mismatch 879207beecf04786 != 38a43b800750bba9
2024-11-24T09:11:23.416Z - [LOG] Header  254
2024-11-24T09:11:23.427Z - [LOG] Payload:  Buffer(1653) [Uint8Array] [  254,  87, 115, 224, 102, 240,  74,  55, 180, 139,   46, 243, 109, 159,  11, 150,  40,  69, 192, 123,   27, 218,  44,  26, 223,  83, 213, 223,  70,  43,  193, 125, 124, 153, 252, 190, 122, 143,   0,  86,  209,   2, 149, 253,   2, 112, 195,  96, 213, 175,  ... 1603 more items]
2024-11-24T09:11:23.469Z - [LOG] Receive Counter: 230
2024-11-24T09:11:23.624Z - [LOG] Packet Length: 1644 Checksum Length: 8
2024-11-24T09:11:23.665Z - [LOG] <11:11:23>: <ERROR> Decryption error: Checksum mismatch 391048aac6566d4c != 38d5d65ae61d872b
2024-11-24T09:11:23.951Z - [LOG] Header  254
2024-11-24T09:11:23.965Z - [LOG] Payload:  Buffer(1946) [Uint8Array] [  254, 175, 223,  53, 228,  14, 118, 185,  83, 115,  140,  81,  74, 243,  36, 220,  26,  39, 232, 242,  201, 129, 178, 150, 192,   0,  54,  56, 164, 175,  240, 244, 242, 251, 178, 219,  57, 183, 166,  23,  214, 253,  76, 253, 161, 161, 186,  25,  90, 185,  ... 1896 more items]
2024-11-24T09:11:24.048Z - [LOG] Receive Counter: 231
2024-11-24T09:11:24.065Z - [LOG] Packet Length: 1937 Checksum Length: 8
2024-11-24T09:11:24.075Z - [LOG] <11:11:24>: <ERROR> Decryption error: Checksum mismatch 449b5a3dff2eefa8 != 7c7f4d4bccea39bb
2024-11-24T09:11:25.017Z - [LOG] Header  254
2024-11-24T09:11:25.028Z - [LOG] Payload:  Buffer(1680) [Uint8Array] [  254,  95,  87, 251, 207,  27, 114,  99,   0, 123,  184, 117, 136,  98, 173, 197, 139, 127,  40, 206,   14, 126,  42, 153,   5, 127,  25,  19, 231, 230,   57, 166, 246,  85,  61, 171, 118, 121,  95, 104,  189,  94, 251, 207, 214, 196,   1, 183, 254, 232,  ... 1630 more items]
2024-11-24T09:11:25.071Z - [LOG] Receive Counter: 232
2024-11-24T09:11:25.080Z - [LOG] Packet Length: 1671 Checksum Length: 8
2024-11-24T09:11:25.083Z - [LOG] <11:11:25>: <ERROR> Decryption error: Checksum mismatch b7561043fdac3043 != 5eb96f3e6b9b67b8
2024-11-24T09:11:25.094Z - [LOG] Header  254
2024-11-24T09:11:25.104Z - [LOG] Payload:  Buffer(1780) [Uint8Array] [  254, 187, 160,  35, 115, 167,  34, 136, 224,  29,  105,  41,  83, 251,  48,  87, 224, 205, 139,   6,   94, 166, 223, 179,  87,  39, 107,  98, 194,  37,  227,   4, 193, 251, 179, 109,  12,   1, 217, 227,  101, 100, 147, 207,  29, 252, 220, 172, 117,  68,  ... 1730 more items]
2024-11-24T09:11:25.131Z - [LOG] Receive Counter: 233
2024-11-24T09:11:25.136Z - [LOG] Packet Length: 1771 Checksum Length: 8
2024-11-24T09:11:25.141Z - [LOG] <11:11:25>: <ERROR> Decryption error: Checksum mismatch 888276c7c7b825e1 != be1c2adea24094c7
2024-11-24T09:11:25.935Z - [LOG] Header  254
2024-11-24T09:11:25.945Z - [LOG] Payload:  Buffer(1453) [Uint8Array] [  254, 241, 109, 219, 238, 239, 190, 203, 210, 210,   38, 186,  48,  15, 126, 182, 167,  83,  13,  85,   16,  94,  91,  39, 136, 248, 191, 137,  99,  86,  161, 165, 224, 173, 146, 181, 196,  66, 107,  36,  230,  35, 136,  77,  84,  58,  36,  82,  76, 247,  ... 1403 more items]
2024-11-24T09:11:25.984Z - [LOG] Receive Counter: 234
2024-11-24T09:11:25.988Z - [LOG] Packet Length: 1444 Checksum Length: 8
2024-11-24T09:11:25.993Z - [LOG] <11:11:25>: <ERROR> Decryption error: Checksum mismatch 47e0108474e55cef != 8a632fffd8f8a0df
2024-11-24T09:11:26.385Z - [LOG] Header  254
2024-11-24T09:11:26.401Z - [LOG] Payload:  Buffer(1653) [Uint8Array] [  254,  87, 115, 224, 102, 240,  74,  55, 180, 139,   46, 243, 109, 159,  11, 150,  40,  69, 192, 123,   27, 218,  44,  26, 223,  83, 213, 223,  70,  43,  193, 125, 124, 153, 252, 190, 122, 143,   0,  86,  209,   2, 149, 253,   2, 112, 195,  96, 213, 175,  ... 1603 more items]
2024-11-24T09:11:26.438Z - [LOG] Receive Counter: 235
2024-11-24T09:11:26.466Z - [LOG] Packet Length: 1644 Checksum Length: 8
2024-11-24T09:11:26.469Z - [LOG] <11:11:26>: <ERROR> Decryption error: Checksum mismatch bad451bf22d5a6f6 != 27153ee013a20f16
2024-11-24T09:11:26.555Z - [LOG] Header  254
2024-11-24T09:11:26.566Z - [LOG] Payload:  Buffer(1946) [Uint8Array] [  254, 175, 223,  53, 228,  14, 118, 185,  83, 115,  140,  81,  74, 243,  36, 220,  26,  39, 232, 242,  201, 129, 178, 150, 192,   0,  54,  56, 164, 175,  240, 244, 242, 251, 178, 219,  57, 183, 166,  23,  214, 253,  76, 253, 161, 161, 186,  25,  90, 185,  ... 1896 more items]
2024-11-24T09:11:26.579Z - [LOG] Receive Counter: 236
2024-11-24T09:11:26.591Z - [LOG] Packet Length: 1937 Checksum Length: 8
2024-11-24T09:11:26.594Z - [LOG] <11:11:26>: <ERROR> Decryption error: Checksum mismatch a917cc61fea4e67c != a3ef6668cfedc988
2024-11-24T09:11:26.808Z - [LOG] Header  254
2024-11-24T09:11:26.818Z - [LOG] Payload:  Buffer(1470) [Uint8Array] [  254, 157, 204, 170, 106,  87,   4,   9,  66, 124,   70,  52, 145, 114,  97, 104, 203,  70, 243,  86,    7,  20,  31, 212,  36,  38, 233,  63,  18, 168,   16, 162,  72, 116, 164, 184,  45,  52,   5,  35,  125,  50,  52, 252, 118,  94, 246, 251, 163, 147,  ... 1420 more items]
2024-11-24T09:11:26.836Z - [LOG] Receive Counter: 237
2024-11-24T09:11:26.848Z - [LOG] Packet Length: 1461 Checksum Length: 8
2024-11-24T09:11:26.884Z - [LOG] <11:11:26>: <ERROR> Decryption error: Checksum mismatch cfde05b7d6304912 != 64d62d2a38ed54bf
2024-11-24T09:11:27.966Z - [LOG] Header  254
2024-11-24T09:11:27.975Z - [LOG] Payload:  Buffer(1453) [Uint8Array] [  254, 241, 109, 219, 238, 239, 190, 203, 210, 210,   38, 186,  48,  15, 126, 182, 167,  83,  13,  85,   16,  94,  91,  39, 136, 248, 191, 137,  99,  86,  161, 165, 224, 173, 146, 181, 196,  66, 107,  36,  230,  35, 136,  77,  84,  58,  36,  82,  76, 247,  ... 1403 more items]
2024-11-24T09:11:28.000Z - [LOG] Receive Counter: 238
2024-11-24T09:11:28.004Z - [LOG] Packet Length: 1444 Checksum Length: 8
2024-11-24T09:11:28.009Z - [LOG] <11:11:28>: <ERROR> Decryption error: Checksum mismatch 401f4e4f3edd4d14 != 8a46301246bff2bc
2024-11-24T09:11:28.863Z - [LOG] Header  254
2024-11-24T09:11:28.874Z - [LOG] Payload:  Buffer(1653) [Uint8Array] [  254,  87, 115, 224, 102, 240,  74,  55, 180, 139,   46, 243, 109, 159,  11, 150,  40,  69, 192, 123,   27, 218,  44,  26, 223,  83, 213, 223,  70,  43,  193, 125, 124, 153, 252, 190, 122, 143,   0,  86,  209,   2, 149, 253,   2, 112, 195,  96, 213, 175,  ... 1603 more items]
2024-11-24T09:11:28.893Z - [LOG] Receive Counter: 239
2024-11-24T09:11:28.897Z - [LOG] Packet Length: 1644 Checksum Length: 8
2024-11-24T09:11:28.899Z - [LOG] <11:11:28>: <ERROR> Decryption error: Checksum mismatch ee58165b866a1c33 != 301db10e47ef044f
2024-11-24T09:11:29.001Z - [LOG] Header  254
2024-11-24T09:11:29.027Z - [LOG] Payload:  Buffer(1946) [Uint8Array] [  254, 175, 223,  53, 228,  14, 118, 185,  83, 115,  140,  81,  74, 243,  36, 220,  26,  39, 232, 242,  201, 129, 178, 150, 192,   0,  54,  56, 164, 175,  240, 244, 242, 251, 178, 219,  57, 183, 166,  23,  214, 253,  76, 253, 161, 161, 186,  25,  90, 185,  ... 1896 more items]
2024-11-24T09:11:29.071Z - [LOG] Receive Counter: 240
2024-11-24T09:11:29.083Z - [LOG] Packet Length: 1937 Checksum Length: 8
2024-11-24T09:11:29.086Z - [LOG] <11:11:29>: <ERROR> Decryption error: Checksum mismatch 29f82b091e156744 != a82cdcb726da652b
2024-11-24T09:11:29.547Z - [LOG] Header  254
2024-11-24T09:11:29.562Z - [LOG] Payload:  Buffer(1680) [Uint8Array] [  254,  95,  87, 251, 207,  27, 114,  99,   0, 123,  184, 117, 136,  98, 173, 197, 139, 127,  40, 206,   14, 126,  42, 153,   5, 127,  25,  19, 231, 230,   57, 166, 246,  85,  61, 171, 118, 121,  95, 104,  189,  94, 251, 207, 214, 196,   1, 183, 254, 232,  ... 1630 more items]
2024-11-24T09:11:29.594Z - [LOG] Receive Counter: 241
2024-11-24T09:11:29.599Z - [LOG] Packet Length: 1671 Checksum Length: 8
2024-11-24T09:11:29.603Z - [LOG] <11:11:29>: <ERROR> Decryption error: Checksum mismatch 77aee3c4f4852a27 != abe343be39b8a90d
2024-11-24T09:11:29.875Z - [LOG] Header  254
2024-11-24T09:11:29.882Z - [LOG] Payload:  Buffer(1702) [Uint8Array] [  254, 104,   1,  49, 121,  39, 200,  96, 154, 221,   75,  66,   2,  34, 168, 223, 190, 111, 148, 209,  184,  84, 159, 116,  99,   1,  72,   8, 161, 106,  156, 233, 119, 211,   7, 213, 185,  99, 120, 224,   12,  82,  78,  77, 220, 114, 161,  59, 218, 186,  ... 1652 more items]
2024-11-24T09:11:29.891Z - [LOG] Receive Counter: 242
2024-11-24T09:11:29.893Z - [LOG] Packet Length: 1693 Checksum Length: 8
2024-11-24T09:11:29.895Z - [LOG] <11:11:29>: <ERROR> Decryption error: Checksum mismatch ac7bfbf6f42e28cf != 302896a7c1f650e9
2024-11-24T09:11:30.646Z - [LOG] Header  254
2024-11-24T09:11:30.663Z - [LOG] Payload:  Buffer(1653) [Uint8Array] [  254,  87, 115, 224, 102, 240,  74,  55, 180, 139,   46, 243, 109, 159,  11, 150,  40,  69, 192, 123,   27, 218,  44,  26, 223,  83, 213, 223,  70,  43,  193, 125, 124, 153, 252, 190, 122, 143,   0,  86,  209,   2, 149, 253,   2, 112, 195,  96, 213, 175,  ... 1603 more items]
2024-11-24T09:11:30.763Z - [LOG] Receive Counter: 243
2024-11-24T09:11:30.782Z - [LOG] Packet Length: 1644 Checksum Length: 8
2024-11-24T09:11:30.788Z - [LOG] <11:11:30>: <ERROR> Decryption error: Checksum mismatch 429489cdbc64330b != 822b481ecec4fd18
2024-11-24T09:11:30.873Z - [LOG] Header  254
2024-11-24T09:11:30.883Z - [LOG] Payload:  Buffer(1946) [Uint8Array] [  254, 175, 223,  53, 228,  14, 118, 185,  83, 115,  140,  81,  74, 243,  36, 220,  26,  39, 232, 242,  201, 129, 178, 150, 192,   0,  54,  56, 164, 175,  240, 244, 242, 251, 178, 219,  57, 183, 166,  23,  214, 253,  76, 253, 161, 161, 186,  25,  90, 185,  ... 1896 more items]
2024-11-24T09:11:30.908Z - [LOG] Receive Counter: 244
2024-11-24T09:11:30.914Z - [LOG] Packet Length: 1937 Checksum Length: 8
2024-11-24T09:11:30.916Z - [LOG] <11:11:30>: <ERROR> Decryption error: Checksum mismatch c0e7c5268c438e00 != 3e14b169925fcca1
2024-11-24T09:11:32.592Z - [LOG] Header  254
2024-11-24T09:11:32.605Z - [LOG] Payload:  Buffer(1702) [Uint8Array] [  254, 104,   1,  49, 121,  39, 200,  96, 154, 221,   75,  66,   2,  34, 168, 223, 190, 111, 148, 209,  184,  84, 159, 116,  99,   1,  72,   8, 161, 106,  156, 233, 119, 211,   7, 213, 185,  99, 120, 224,   12,  82,  78,  77, 220, 114, 161,  59, 218, 186,  ... 1652 more items]
2024-11-24T09:11:32.648Z - [LOG] Receive Counter: 245
2024-11-24T09:11:32.662Z - [LOG] Packet Length: 1693 Checksum Length: 8
2024-11-24T09:11:32.665Z - [LOG] <11:11:32>: <ERROR> Decryption error: Checksum mismatch cf30cc0b734a176f != 43f7508cd8bf16de
2024-11-24T09:11:33.345Z - [LOG] Header  254
2024-11-24T09:11:33.361Z - [LOG] Payload:  Buffer(1653) [Uint8Array] [  254,  87, 115, 224, 102, 240,  74,  55, 180, 139,   46, 243, 109, 159,  11, 150,  40,  69, 192, 123,   27, 218,  44,  26, 223,  83, 213, 223,  70,  43,  193, 125, 124, 153, 252, 190, 122, 143,   0,  86,  209,   2, 149, 253,   2, 112, 195,  96, 213, 175,  ... 1603 more items]
2024-11-24T09:11:33.413Z - [LOG] Receive Counter: 246
2024-11-24T09:11:33.419Z - [LOG] Packet Length: 1644 Checksum Length: 8
2024-11-24T09:11:33.434Z - [LOG] <11:11:33>: <ERROR> Decryption error: Checksum mismatch e8714affdea61c04 != 8a207ea24010bb52
2024-11-24T09:11:33.633Z - [LOG] Header  254
2024-11-24T09:11:33.682Z - [LOG] Payload:  Buffer(1946) [Uint8Array] [  254, 175, 223,  53, 228,  14, 118, 185,  83, 115,  140,  81,  74, 243,  36, 220,  26,  39, 232, 242,  201, 129, 178, 150, 192,   0,  54,  56, 164, 175,  240, 244, 242, 251, 178, 219,  57, 183, 166,  23,  214, 253,  76, 253, 161, 161, 186,  25,  90, 185,  ... 1896 more items]
2024-11-24T09:11:33.695Z - [LOG] Receive Counter: 247
2024-11-24T09:11:33.699Z - [LOG] Packet Length: 1937 Checksum Length: 8
2024-11-24T09:11:33.701Z - [LOG] <11:11:33>: <ERROR> Decryption error: Checksum mismatch be807948a0a387d7 != 32c882b63d8f2494
2024-11-24T09:11:34.348Z - [LOG] Header  254
2024-11-24T09:11:34.365Z - [LOG] Payload:  Buffer(1702) [Uint8Array] [  254, 104,   1,  49, 121,  39, 200,  96, 154, 221,   75,  66,   2,  34, 168, 223, 190, 111, 148, 209,  184,  84, 159, 116,  99,   1,  72,   8, 161, 106,  156, 233, 119, 211,   7, 213, 185,  99, 120, 224,   12,  82,  78,  77, 220, 114, 161,  59, 218, 186,  ... 1652 more items]
2024-11-24T09:11:34.377Z - [LOG] Receive Counter: 248
2024-11-24T09:11:34.381Z - [LOG] Packet Length: 1693 Checksum Length: 8
2024-11-24T09:11:34.382Z - [LOG] <11:11:34>: <ERROR> Decryption error: Checksum mismatch e718d114734746dc != 9e30f140f1da9259
2024-11-24T09:11:35.265Z - [LOG] Header  254
2024-11-24T09:11:35.329Z - [LOG] Payload:  Buffer(1691) [Uint8Array] [  254, 111, 139, 214, 180,  69,  22, 208, 135, 121,  222,  95,  10, 253,  75, 209,  97,  17, 221, 175,  135, 190, 129,  21,  60, 241, 135, 228, 196,  92,   78, 140, 182, 157, 170,  96,  67, 194,  40, 140,  137,   6, 226,   6, 112,  50, 244,  71, 143, 230,  ... 1641 more items]
2024-11-24T09:11:35.365Z - [LOG] Receive Counter: 249
2024-11-24T09:11:35.369Z - [LOG] Packet Length: 1682 Checksum Length: 8
2024-11-24T09:11:35.371Z - [LOG] <11:11:35>: <ERROR> Decryption error: Checksum mismatch c2cc637391ac05d9 != f7d2c4e05a2eb379
2024-11-24T09:11:35.878Z - [LOG] Header  254
2024-11-24T09:11:35.885Z - [LOG] Payload:  Buffer(1653) [Uint8Array] [  254,  87, 115, 224, 102, 240,  74,  55, 180, 139,   46, 243, 109, 159,  11, 150,  40,  69, 192, 123,   27, 218,  44,  26, 223,  83, 213, 223,  70,  43,  193, 125, 124, 153, 252, 190, 122, 143,   0,  86,  209,   2, 149, 253,   2, 112, 195,  96, 213, 175,  ... 1603 more items]
2024-11-24T09:11:35.921Z - [LOG] Receive Counter: 250
2024-11-24T09:11:35.948Z - [LOG] Packet Length: 1644 Checksum Length: 8
2024-11-24T09:11:35.953Z - [LOG] <11:11:35>: <ERROR> Decryption error: Checksum mismatch b937e132499ad064 != 9ab0b60fcdda803a
2024-11-24T09:11:36.029Z - [LOG] Header  254
2024-11-24T09:11:36.047Z - [LOG] Payload:  Buffer(1946) [Uint8Array] [  254, 175, 223,  53, 228,  14, 118, 185,  83, 115,  140,  81,  74, 243,  36, 220,  26,  39, 232, 242,  201, 129, 178, 150, 192,   0,  54,  56, 164, 175,  240, 244, 242, 251, 178, 219,  57, 183, 166,  23,  214, 253,  76, 253, 161, 161, 186,  25,  90, 185,  ... 1896 more items]
2024-11-24T09:11:36.082Z - [LOG] Receive Counter: 251
2024-11-24T09:11:36.085Z - [LOG] Packet Length: 1937 Checksum Length: 8
2024-11-24T09:11:36.087Z - [LOG] <11:11:36>: <ERROR> Decryption error: Checksum mismatch 5e42fbcc98d94e5f != e7324f44c0e3d7f9
2024-11-24T09:11:36.827Z - [LOG] Header  254
2024-11-24T09:11:36.834Z - [LOG] Payload:  Buffer(1702) [Uint8Array] [  254, 104,   1,  49, 121,  39, 200,  96, 154, 221,   75,  66,   2,  34, 168, 223, 190, 111, 148, 209,  184,  84, 159, 116,  99,   1,  72,   8, 161, 106,  156, 233, 119, 211,   7, 213, 185,  99, 120, 224,   12,  82,  78,  77, 220, 114, 161,  59, 218, 186,  ... 1652 more items]
2024-11-24T09:11:36.876Z - [LOG] Receive Counter: 252
2024-11-24T09:11:36.880Z - [LOG] Packet Length: 1693 Checksum Length: 8
2024-11-24T09:11:36.882Z - [LOG] <11:11:36>: <ERROR> Decryption error: Checksum mismatch 27a9eb16637e4b73 != 261f3d3e1bfeeaaf
2024-11-24T09:11:36.963Z - [LOG] Header  254
2024-11-24T09:11:36.969Z - [LOG] Payload:  Buffer(2012) [Uint8Array] [  254, 109,  24, 201,   2,  50,  53,  98, 149, 166,   43,  10, 254, 166,  77,   8, 238, 101,  29,  53,    6,  28,  48,  45, 109, 255, 120, 108, 194, 166,   57, 191, 159, 126, 111,  59,  52, 114, 209,  45,   72, 229, 150, 246, 159,   0, 136, 203, 206, 105,  ... 1962 more items]
2024-11-24T09:11:36.988Z - [LOG] Receive Counter: 253
2024-11-24T09:11:36.995Z - [LOG] Packet Length: 2003 Checksum Length: 8
2024-11-24T09:11:36.996Z - [LOG] <11:11:36>: <ERROR> Decryption error: Checksum mismatch f215986abac44090 != 8588290771cb0fbc
2024-11-24T09:11:37.524Z - [LOG] Header  254
2024-11-24T09:11:37.531Z - [LOG] Payload:  Buffer(1653) [Uint8Array] [  254,  87, 115, 224, 102, 240,  74,  55, 180, 139,   46, 243, 109, 159,  11, 150,  40,  69, 192, 123,   27, 218,  44,  26, 223,  83, 213, 223,  70,  43,  193, 125, 124, 153, 252, 190, 122, 143,   0,  86,  209,   2, 149, 253,   2, 112, 195,  96, 213, 175,  ... 1603 more items]
2024-11-24T09:11:37.547Z - [LOG] Receive Counter: 254
2024-11-24T09:11:37.550Z - [LOG] Packet Length: 1644 Checksum Length: 8
2024-11-24T09:11:37.552Z - [LOG] <11:11:37>: <ERROR> Decryption error: Checksum mismatch 5a787c55d90f2c79 != f84e3e91fb9b377b
2024-11-24T09:11:37.658Z - [LOG] Header  254
2024-11-24T09:11:37.678Z - [LOG] Payload:  Buffer(1946) [Uint8Array] [  254, 175, 223,  53, 228,  14, 118, 185,  83, 115,  140,  81,  74, 243,  36, 220,  26,  39, 232, 242,  201, 129, 178, 150, 192,   0,  54,  56, 164, 175,  240, 244, 242, 251, 178, 219,  57, 183, 166,  23,  214, 253,  76, 253, 161, 161, 186,  25,  90, 185,  ... 1896 more items]
2024-11-24T09:11:37.712Z - [LOG] Receive Counter: 255
2024-11-24T09:11:37.720Z - [LOG] Packet Length: 1937 Checksum Length: 8
2024-11-24T09:11:37.726Z - [LOG] <11:11:37>: <ERROR> Decryption error: Checksum mismatch 8eae8d94cc7ac958 != 321b374fd7b660e3
2024-11-24T09:11:39.660Z - [LOG] Header  254
2024-11-24T09:11:39.675Z - [LOG] Payload:  Buffer(1653) [Uint8Array] [  254,  87, 115, 224, 102, 240,  74,  55, 180, 139,   46, 243, 109, 159,  11, 150,  40,  69, 192, 123,   27, 218,  44,  26, 223,  83, 213, 223,  70,  43,  193, 125, 124, 153, 252, 190, 122, 143,   0,  86,  209,   2, 149, 253,   2, 112, 195,  96, 213, 175,  ... 1603 more items]
2024-11-24T09:11:39.704Z - [LOG] Receive Counter: 256
2024-11-24T09:11:39.720Z - [LOG] Packet Length: 1644 Checksum Length: 8
2024-11-24T09:11:39.726Z - [LOG] <11:11:39>: <ERROR> Decryption error: Checksum mismatch 412388cb1e7d297c != ea952656572f88a8
2024-11-24T09:11:39.793Z - [LOG] Header  254
2024-11-24T09:11:39.802Z - [LOG] Payload:  Buffer(1946) [Uint8Array] [  254, 175, 223,  53, 228,  14, 118, 185,  83, 115,  140,  81,  74, 243,  36, 220,  26,  39, 232, 242,  201, 129, 178, 150, 192,   0,  54,  56, 164, 175,  240, 244, 242, 251, 178, 219,  57, 183, 166,  23,  214, 253,  76, 253, 161, 161, 186,  25,  90, 185,  ... 1896 more items]
2024-11-24T09:11:39.827Z - [LOG] Receive Counter: 257
2024-11-24T09:11:39.830Z - [LOG] Packet Length: 1937 Checksum Length: 8
2024-11-24T09:11:39.832Z - [LOG] <11:11:39>: <ERROR> Decryption error: Checksum mismatch ebdbee08dc31cf56 != 869e28acb404813f
2024-11-24T09:11:40.278Z - [LOG] Header  254
2024-11-24T09:11:40.287Z - [LOG] Payload:  Buffer(1680) [Uint8Array] [  254,  95,  87, 251, 207,  27, 114,  99,   0, 123,  184, 117, 136,  98, 173, 197, 139, 127,  40, 206,   14, 126,  42, 153,   5, 127,  25,  19, 231, 230,   57, 166, 246,  85,  61, 171, 118, 121,  95, 104,  189,  94, 251, 207, 214, 196,   1, 183, 254, 232,  ... 1630 more items]
2024-11-24T09:11:40.314Z - [LOG] Receive Counter: 258
2024-11-24T09:11:40.318Z - [LOG] Packet Length: 1671 Checksum Length: 8
2024-11-24T09:11:40.321Z - [LOG] <11:11:40>: <ERROR> Decryption error: Checksum mismatch a6f92f081a51ee15 != b9d8b0e0c428d42c
2024-11-24T09:11:40.685Z - [LOG] Header  254
2024-11-24T09:11:40.695Z - [LOG] Payload:  Buffer(1702) [Uint8Array] [  254, 104,   1,  49, 121,  39, 200,  96, 154, 221,   75,  66,   2,  34, 168, 223, 190, 111, 148, 209,  184,  84, 159, 116,  99,   1,  72,   8, 161, 106,  156, 233, 119, 211,   7, 213, 185,  99, 120, 224,   12,  82,  78,  77, 220, 114, 161,  59, 218, 186,  ... 1652 more items]
2024-11-24T09:11:40.714Z - [LOG] Receive Counter: 259
2024-11-24T09:11:40.724Z - [LOG] Packet Length: 1693 Checksum Length: 8
2024-11-24T09:11:40.732Z - [LOG] <11:11:40>: <ERROR> Decryption error: Checksum mismatch 9d23187e8a440853 != 899ae13fcedb6bd6
2024-11-24T09:11:41.188Z - [LOG] Header  254
2024-11-24T09:11:41.210Z - [LOG] Payload:  Buffer(1453) [Uint8Array] [  254, 241, 109, 219, 238, 239, 190, 203, 210, 210,   38, 186,  48,  15, 126, 182, 167,  83,  13,  85,   16,  94,  91,  39, 136, 248, 191, 137,  99,  86,  161, 165, 224, 173, 146, 181, 196,  66, 107,  36,  230,  35, 136,  77,  84,  58,  36,  82,  76, 247,  ... 1403 more items]
2024-11-24T09:11:41.235Z - [LOG] Receive Counter: 260
2024-11-24T09:11:41.247Z - [LOG] Packet Length: 1444 Checksum Length: 8
2024-11-24T09:11:41.252Z - [LOG] <11:11:41>: <ERROR> Decryption error: Checksum mismatch 60e696e47c5797d3 != af74991ae22a7221
2024-11-24T09:11:41.664Z - [LOG] Header  254
2024-11-24T09:11:41.675Z - [LOG] Payload:  Buffer(1653) [Uint8Array] [  254,  87, 115, 224, 102, 240,  74,  55, 180, 139,   46, 243, 109, 159,  11, 150,  40,  69, 192, 123,   27, 218,  44,  26, 223,  83, 213, 223,  70,  43,  193, 125, 124, 153, 252, 190, 122, 143,   0,  86,  209,   2, 149, 253,   2, 112, 195,  96, 213, 175,  ... 1603 more items]
2024-11-24T09:11:41.702Z - [LOG] Receive Counter: 261
2024-11-24T09:11:41.715Z - [LOG] Packet Length: 1644 Checksum Length: 8
2024-11-24T09:11:41.719Z - [LOG] <11:11:41>: <ERROR> Decryption error: Checksum mismatch f761b45f30e82742 != d6345da6c8b55fe8
2024-11-24T09:11:42.142Z - [LOG] Header  254
2024-11-24T09:11:42.159Z - [LOG] Payload:  Buffer(1680) [Uint8Array] [  254,  95,  87, 251, 207,  27, 114,  99,   0, 123,  184, 117, 136,  98, 173, 197, 139, 127,  40, 206,   14, 126,  42, 153,   5, 127,  25,  19, 231, 230,   57, 166, 246,  85,  61, 171, 118, 121,  95, 104,  189,  94, 251, 207, 214, 196,   1, 183, 254, 232,  ... 1630 more items]
2024-11-24T09:11:42.179Z - [LOG] Receive Counter: 262
2024-11-24T09:11:42.183Z - [LOG] Packet Length: 1671 Checksum Length: 8
2024-11-24T09:11:42.184Z - [LOG] <11:11:42>: <ERROR> Decryption error: Checksum mismatch 836f0d4874434f89 != 0b4a4af0bd8f5c42
2024-11-24T09:11:44.944Z - [LOG] Header  254
2024-11-24T09:11:44.947Z - [LOG] Payload:  Buffer(1691) [Uint8Array] [  254, 111, 139, 214, 180,  69,  22, 208, 135, 121,  222,  95,  10, 253,  75, 209,  97,  17, 221, 175,  135, 190, 129,  21,  60, 241, 135, 228, 196,  92,   78, 140, 182, 157, 170,  96,  67, 194,  40, 140,  137,   6, 226,   6, 112,  50, 244,  71, 143, 230,  ... 1641 more items]
2024-11-24T09:11:44.953Z - [LOG] Receive Counter: 263
2024-11-24T09:11:44.956Z - [LOG] Packet Length: 1682 Checksum Length: 8
2024-11-24T09:11:44.959Z - [LOG] <11:11:44>: <ERROR> Decryption error: Checksum mismatch 012abf71576897a9 != cc7d74559da215ca
2024-11-24T09:11:45.073Z - [LOG] Header  254
2024-11-24T09:11:45.077Z - [LOG] Payload:  Buffer(1902) [Uint8Array] [  254,  73,  50, 242, 181,  38,  93,  79, 179,  74,  160, 235, 162,  24, 208, 134, 107, 210, 230, 232,  186,  56,  79,  88,  81, 103, 128, 183, 176, 121,  195, 174, 119,  54, 149, 191, 216,  70, 155, 251,  126, 168, 119, 187, 226, 109, 228, 251,   5,  98,  ... 1852 more items]
2024-11-24T09:11:45.082Z - [LOG] Receive Counter: 264
2024-11-24T09:11:45.084Z - [LOG] Packet Length: 1893 Checksum Length: 8
2024-11-24T09:11:45.084Z - [LOG] <11:11:45>: <ERROR> Decryption error: Checksum mismatch 56d946b752d25c17 != ad884f41faef658a
2024-11-24T09:11:46.863Z - [LOG] Header  254
2024-11-24T09:11:46.895Z - [LOG] Payload:  Buffer(1702) [Uint8Array] [  254, 104,   1,  49, 121,  39, 200,  96, 154, 221,   75,  66,   2,  34, 168, 223, 190, 111, 148, 209,  184,  84, 159, 116,  99,   1,  72,   8, 161, 106,  156, 233, 119, 211,   7, 213, 185,  99, 120, 224,   12,  82,  78,  77, 220, 114, 161,  59, 218, 186,  ... 1652 more items]
2024-11-24T09:11:46.914Z - [LOG] Receive Counter: 265
2024-11-24T09:11:46.926Z - [LOG] Packet Length: 1693 Checksum Length: 8
2024-11-24T09:11:46.929Z - [LOG] <11:11:46>: <ERROR> Decryption error: Checksum mismatch c1132025ad3824d3 != 62fb251de9cd5287
2024-11-24T09:11:47.861Z - [LOG] Header  254
2024-11-24T09:11:47.870Z - [LOG] Payload:  Buffer(1691) [Uint8Array] [  254, 111, 139, 214, 180,  69,  22, 208, 135, 121,  222,  95,  10, 253,  75, 209,  97,  17, 221, 175,  135, 190, 129,  21,  60, 241, 135, 228, 196,  92,   78, 140, 182, 157, 170,  96,  67, 194,  40, 140,  137,   6, 226,   6, 112,  50, 244,  71, 143, 230,  ... 1641 more items]
2024-11-24T09:11:47.892Z - [LOG] Receive Counter: 266
2024-11-24T09:11:47.899Z - [LOG] Packet Length: 1682 Checksum Length: 8
2024-11-24T09:11:47.912Z - [LOG] <11:11:47>: <ERROR> Decryption error: Checksum mismatch da2aed805f71a495 != 8c2a0af23551353a
2024-11-24T09:11:48.396Z - [LOG] Header  254
2024-11-24T09:11:48.447Z - [LOG] Payload:  Buffer(1902) [Uint8Array] [  254,  73,  50, 242, 181,  38,  93,  79, 179,  74,  160, 235, 162,  24, 208, 134, 107, 210, 230, 232,  186,  56,  79,  88,  81, 103, 128, 183, 176, 121,  195, 174, 119,  54, 149, 191, 216,  70, 155, 251,  126, 168, 119, 187, 226, 109, 228, 251,   5,  98,  ... 1852 more items]
2024-11-24T09:11:48.551Z - [LOG] Receive Counter: 267
2024-11-24T09:11:48.569Z - [LOG] Packet Length: 1893 Checksum Length: 8
2024-11-24T09:11:48.574Z - [LOG] <11:11:48>: <ERROR> Decryption error: Checksum mismatch 8942c1fd64520a85 != 6fe38cb2a4b823ac
2024-11-24T09:11:48.819Z - [LOG] Header  254
2024-11-24T09:11:48.866Z - [LOG] Payload:  Buffer(1653) [Uint8Array] [  254,  87, 115, 224, 102, 240,  74,  55, 180, 139,   46, 243, 109, 159,  11, 150,  40,  69, 192, 123,   27, 218,  44,  26, 223,  83, 213, 223,  70,  43,  193, 125, 124, 153, 252, 190, 122, 143,   0,  86,  209,   2, 149, 253,   2, 112, 195,  96, 213, 175,  ... 1603 more items]
2024-11-24T09:11:48.902Z - [LOG] Receive Counter: 268
2024-11-24T09:11:48.913Z - [LOG] Packet Length: 1644 Checksum Length: 8
2024-11-24T09:11:48.917Z - [LOG] <11:11:48>: <ERROR> Decryption error: Checksum mismatch 1470e264100eca53 != e70c7d342b0a8629
2024-11-24T09:11:50.334Z - [LOG] Header  254
2024-11-24T09:11:50.422Z - [LOG] Payload:  Buffer(1702) [Uint8Array] [  254, 104,   1,  49, 121,  39, 200,  96, 154, 221,   75,  66,   2,  34, 168, 223, 190, 111, 148, 209,  184,  84, 159, 116,  99,   1,  72,   8, 161, 106,  156, 233, 119, 211,   7, 213, 185,  99, 120, 224,   12,  82,  78,  77, 220, 114, 161,  59, 218, 186,  ... 1652 more items]
2024-11-24T09:11:50.657Z - [LOG] Receive Counter: 269
2024-11-24T09:11:50.672Z - [LOG] Packet Length: 1693 Checksum Length: 8
2024-11-24T09:11:50.692Z - [LOG] <11:11:50>: <ERROR> Decryption error: Checksum mismatch ad13ef7c20b5d2d0 != cd2d83464d1da9ad
2024-11-24T09:11:51.424Z - [LOG] Header  254
2024-11-24T09:11:51.436Z - [LOG] Payload:  Buffer(1902) [Uint8Array] [  254,  73,  50, 242, 181,  38,  93,  79, 179,  74,  160, 235, 162,  24, 208, 134, 107, 210, 230, 232,  186,  56,  79,  88,  81, 103, 128, 183, 176, 121,  195, 174, 119,  54, 149, 191, 216,  70, 155, 251,  126, 168, 119, 187, 226, 109, 228, 251,   5,  98,  ... 1852 more items]
2024-11-24T09:11:51.476Z - [LOG] Receive Counter: 270
2024-11-24T09:11:51.485Z - [LOG] Packet Length: 1893 Checksum Length: 8
2024-11-24T09:11:51.494Z - [LOG] <11:11:51>: <ERROR> Decryption error: Checksum mismatch 0fb561019b575161 != 4c98de41267d4b70
2024-11-24T09:11:52.042Z - [LOG] Header  254
2024-11-24T09:11:52.244Z - [LOG] Payload:  Buffer(1653) [Uint8Array] [  254,  87, 115, 224, 102, 240,  74,  55, 180, 139,   46, 243, 109, 159,  11, 150,  40,  69, 192, 123,   27, 218,  44,  26, 223,  83, 213, 223,  70,  43,  193, 125, 124, 153, 252, 190, 122, 143,   0,  86,  209,   2, 149, 253,   2, 112, 195,  96, 213, 175,  ... 1603 more items]
2024-11-24T09:11:52.274Z - [LOG] Receive Counter: 271
2024-11-24T09:11:52.278Z - [LOG] Packet Length: 1644 Checksum Length: 8
2024-11-24T09:11:52.280Z - [LOG] <11:11:52>: <ERROR> Decryption error: Checksum mismatch 188ed34ecd434106 != d1e49a94072ee492
2024-11-24T09:11:52.662Z - [LOG] Header  254
2024-11-24T09:11:52.668Z - [LOG] Payload:  Buffer(1680) [Uint8Array] [  254,  95,  87, 251, 207,  27, 114,  99,   0, 123,  184, 117, 136,  98, 173, 197, 139, 127,  40, 206,   14, 126,  42, 153,   5, 127,  25,  19, 231, 230,   57, 166, 246,  85,  61, 171, 118, 121,  95, 104,  189,  94, 251, 207, 214, 196,   1, 183, 254, 232,  ... 1630 more items]
2024-11-24T09:11:52.684Z - [LOG] Receive Counter: 272
2024-11-24T09:11:52.687Z - [LOG] Packet Length: 1671 Checksum Length: 8
2024-11-24T09:11:52.692Z - [LOG] <11:11:52>: <ERROR> Decryption error: Checksum mismatch d2685030b08bd14c != 576c710ca4dad0dc
2024-11-24T09:11:53.417Z - [LOG] Header  254
2024-11-24T09:11:53.429Z - [LOG] Payload:  Buffer(1453) [Uint8Array] [  254, 241, 109, 219, 238, 239, 190, 203, 210, 210,   38, 186,  48,  15, 126, 182, 167,  83,  13,  85,   16,  94,  91,  39, 136, 248, 191, 137,  99,  86,  161, 165, 224, 173, 146, 181, 196,  66, 107,  36,  230,  35, 136,  77,  84,  58,  36,  82,  76, 247,  ... 1403 more items]
2024-11-24T09:11:53.462Z - [LOG] Receive Counter: 273
2024-11-24T09:11:53.465Z - [LOG] Packet Length: 1444 Checksum Length: 8
2024-11-24T09:11:53.466Z - [LOG] <11:11:53>: <ERROR> Decryption error: Checksum mismatch bb907de76e210e1c != fa888fc54d8bea54
2024-11-24T09:11:54.321Z - [LOG] Header  254
2024-11-24T09:11:54.344Z - [LOG] Payload:  Buffer(1653) [Uint8Array] [  254,  87, 115, 224, 102, 240,  74,  55, 180, 139,   46, 243, 109, 159,  11, 150,  40,  69, 192, 123,   27, 218,  44,  26, 223,  83, 213, 223,  70,  43,  193, 125, 124, 153, 252, 190, 122, 143,   0,  86,  209,   2, 149, 253,   2, 112, 195,  96, 213, 175,  ... 1603 more items]
2024-11-24T09:11:54.357Z - [LOG] Receive Counter: 274
2024-11-24T09:11:54.362Z - [LOG] Packet Length: 1644 Checksum Length: 8
2024-11-24T09:11:54.365Z - [LOG] <11:11:54>: <ERROR> Decryption error: Checksum mismatch 19017fe703820999 != 0abb7bd087cef88e
2024-11-24T09:11:54.514Z - [LOG] Header  254
2024-11-24T09:11:54.527Z - [LOG] Payload:  Buffer(1946) [Uint8Array] [  254, 175, 223,  53, 228,  14, 118, 185,  83, 115,  140,  81,  74, 243,  36, 220,  26,  39, 232, 242,  201, 129, 178, 150, 192,   0,  54,  56, 164, 175,  240, 244, 242, 251, 178, 219,  57, 183, 166,  23,  214, 253,  76, 253, 161, 161, 186,  25,  90, 185,  ... 1896 more items]
2024-11-24T09:11:54.537Z - [LOG] Receive Counter: 275
2024-11-24T09:11:54.549Z - [LOG] Packet Length: 1937 Checksum Length: 8
2024-11-24T09:11:54.551Z - [LOG] <11:11:54>: <ERROR> Decryption error: Checksum mismatch bcb68b2e0066e889 != a86f082c875fe08f
2024-11-24T09:11:55.242Z - [LOG] Header  254
2024-11-24T09:11:55.247Z - [LOG] Payload:  Buffer(1702) [Uint8Array] [  254, 104,   1,  49, 121,  39, 200,  96, 154, 221,   75,  66,   2,  34, 168, 223, 190, 111, 148, 209,  184,  84, 159, 116,  99,   1,  72,   8, 161, 106,  156, 233, 119, 211,   7, 213, 185,  99, 120, 224,   12,  82,  78,  77, 220, 114, 161,  59, 218, 186,  ... 1652 more items]
2024-11-24T09:11:55.266Z - [LOG] Receive Counter: 276
2024-11-24T09:11:55.269Z - [LOG] Packet Length: 1693 Checksum Length: 8
2024-11-24T09:11:55.273Z - [LOG] <11:11:55>: <ERROR> Decryption error: Checksum mismatch bae638b8f3c57c50 != 6715158300a45ad4
2024-11-24T09:11:55.704Z - [LOG] Header  254
2024-11-24T09:11:55.711Z - [LOG] Payload:  Buffer(1653) [Uint8Array] [  254,  87, 115, 224, 102, 240,  74,  55, 180, 139,   46, 243, 109, 159,  11, 150,  40,  69, 192, 123,   27, 218,  44,  26, 223,  83, 213, 223,  70,  43,  193, 125, 124, 153, 252, 190, 122, 143,   0,  86,  209,   2, 149, 253,   2, 112, 195,  96, 213, 175,  ... 1603 more items]
2024-11-24T09:11:55.724Z - [LOG] Receive Counter: 277
2024-11-24T09:11:55.728Z - [LOG] Packet Length: 1644 Checksum Length: 8
2024-11-24T09:11:55.733Z - [LOG] <11:11:55>: <ERROR> Decryption error: Checksum mismatch a81b726c6c602e13 != e6a792c483c18e07
2024-11-24T09:11:55.895Z - [LOG] Header  254
2024-11-24T09:11:55.905Z - [LOG] Payload:  Buffer(1886) [Uint8Array] [  254, 135, 114, 180,  12, 206, 201, 234,  13, 253,   85, 172, 139, 148, 130, 126, 244,  34, 105,  91,  184, 132,  70, 238, 181, 178, 211,  19, 195, 174,   35, 184, 106,  27, 202, 131,  71,  97,  36,  50,   71,  71, 176, 209,  36, 215, 169, 206, 157,  30,  ... 1836 more items]
2024-11-24T09:11:55.914Z - [LOG] Receive Counter: 278
2024-11-24T09:11:55.920Z - [LOG] Packet Length: 1877 Checksum Length: 8
2024-11-24T09:11:55.923Z - [LOG] <11:11:55>: <ERROR> Decryption error: Checksum mismatch 3c6a8e2e95ff79c1 != 9a33ec6d570ad796
2024-11-24T09:11:56.387Z - [LOG] Header  254
2024-11-24T09:11:56.395Z - [LOG] Payload:  Buffer(1902) [Uint8Array] [  254,  73,  50, 242, 181,  38,  93,  79, 179,  74,  160, 235, 162,  24, 208, 134, 107, 210, 230, 232,  186,  56,  79,  88,  81, 103, 128, 183, 176, 121,  195, 174, 119,  54, 149, 191, 216,  70, 155, 251,  126, 168, 119, 187, 226, 109, 228, 251,   5,  98,  ... 1852 more items]
2024-11-24T09:11:56.411Z - [LOG] Receive Counter: 279
2024-11-24T09:11:56.414Z - [LOG] Packet Length: 1893 Checksum Length: 8
2024-11-24T09:11:56.421Z - [LOG] <11:11:56>: <ERROR> Decryption error: Checksum mismatch 55c762234e26e9ff != 46e32ed90e7fed13
2024-11-24T09:11:56.641Z - [LOG] Header  254
2024-11-24T09:11:56.648Z - [LOG] Payload:  Buffer(1653) [Uint8Array] [  254,  87, 115, 224, 102, 240,  74,  55, 180, 139,   46, 243, 109, 159,  11, 150,  40,  69, 192, 123,   27, 218,  44,  26, 223,  83, 213, 223,  70,  43,  193, 125, 124, 153, 252, 190, 122, 143,   0,  86,  209,   2, 149, 253,   2, 112, 195,  96, 213, 175,  ... 1603 more items]
2024-11-24T09:11:56.665Z - [LOG] Receive Counter: 280
2024-11-24T09:11:56.669Z - [LOG] Packet Length: 1644 Checksum Length: 8
2024-11-24T09:11:56.676Z - [LOG] <11:11:56>: <ERROR> Decryption error: Checksum mismatch 742971810000c016 != c3c96501c3200f4a
2024-11-24T09:11:57.725Z - [LOG] Header  254
2024-11-24T09:11:57.732Z - [LOG] Payload:  Buffer(1946) [Uint8Array] [  254, 175, 223,  53, 228,  14, 118, 185,  83, 115,  140,  81,  74, 243,  36, 220,  26,  39, 232, 242,  201, 129, 178, 150, 192,   0,  54,  56, 164, 175,  240, 244, 242, 251, 178, 219,  57, 183, 166,  23,  214, 253,  76, 253, 161, 161, 186,  25,  90, 185,  ... 1896 more items]
2024-11-24T09:11:57.749Z - [LOG] Receive Counter: 281
2024-11-24T09:11:57.760Z - [LOG] Packet Length: 1937 Checksum Length: 8
2024-11-24T09:11:57.762Z - [LOG] <11:11:57>: <ERROR> Decryption error: Checksum mismatch 14e3706ac5a05db5 != ea5d2c1c83db1f0d
2024-11-24T09:11:58.981Z - [LOG] Header  254
2024-11-24T09:11:58.996Z - [LOG] Payload:  Buffer(1653) [Uint8Array] [  254,  87, 115, 224, 102, 240,  74,  55, 180, 139,   46, 243, 109, 159,  11, 150,  40,  69, 192, 123,   27, 218,  44,  26, 223,  83, 213, 223,  70,  43,  193, 125, 124, 153, 252, 190, 122, 143,   0,  86,  209,   2, 149, 253,   2, 112, 195,  96, 213, 175,  ... 1603 more items]
2024-11-24T09:11:59.035Z - [LOG] Receive Counter: 282
2024-11-24T09:11:59.043Z - [LOG] Packet Length: 1644 Checksum Length: 8
2024-11-24T09:11:59.050Z - [LOG] <11:11:59>: <ERROR> Decryption error: Checksum mismatch f2198a805d415017 != 886993a50a88233f
2024-11-24T09:11:59.127Z - [LOG] Header  254
2024-11-24T09:11:59.146Z - [LOG] Payload:  Buffer(1946) [Uint8Array] [  254, 175, 223,  53, 228,  14, 118, 185,  83, 115,  140,  81,  74, 243,  36, 220,  26,  39, 232, 242,  201, 129, 178, 150, 192,   0,  54,  56, 164, 175,  240, 244, 242, 251, 178, 219,  57, 183, 166,  23,  214, 253,  76, 253, 161, 161, 186,  25,  90, 185,  ... 1896 more items]
2024-11-24T09:11:59.728Z - [LOG] Receive Counter: 283
2024-11-24T09:11:59.733Z - [LOG] Packet Length: 1937 Checksum Length: 8
2024-11-24T09:11:59.736Z - [LOG] <11:11:59>: <ERROR> Decryption error: Checksum mismatch 72f7703c88f47311 != 7861b32e1a71f5b8
2024-11-24T09:12:00.701Z - [LOG] Header  254
2024-11-24T09:12:00.716Z - [LOG] Payload:  Buffer(1902) [Uint8Array] [  254,  73,  50, 242, 181,  38,  93,  79, 179,  74,  160, 235, 162,  24, 208, 134, 107, 210, 230, 232,  186,  56,  79,  88,  81, 103, 128, 183, 176, 121,  195, 174, 119,  54, 149, 191, 216,  70, 155, 251,  126, 168, 119, 187, 226, 109, 228, 251,   5,  98,  ... 1852 more items]
2024-11-24T09:12:00.737Z - [LOG] Receive Counter: 284
2024-11-24T09:12:00.762Z - [LOG] Packet Length: 1893 Checksum Length: 8
2024-11-24T09:12:00.764Z - [LOG] <11:12:0>: <ERROR> Decryption error: Checksum mismatch 6f1b70f6d50789dd != 2ec463e041188900
